-- MySQL dump 10.13  Distrib 5.6.17, for Win64 (x86_64)
--
-- Host: localhost    Database: lecturer
-- ------------------------------------------------------
-- Server version	5.6.17

/*!40101 SET @OLD_CHARACTER_SET_CLIENT=@@CHARACTER_SET_CLIENT */;
/*!40101 SET @OLD_CHARACTER_SET_RESULTS=@@CHARACTER_SET_RESULTS */;
/*!40101 SET @OLD_COLLATION_CONNECTION=@@COLLATION_CONNECTION */;
/*!40101 SET NAMES utf8 */;
/*!40103 SET @OLD_TIME_ZONE=@@TIME_ZONE */;
/*!40103 SET TIME_ZONE='+00:00' */;
/*!40014 SET @OLD_UNIQUE_CHECKS=@@UNIQUE_CHECKS, UNIQUE_CHECKS=0 */;
/*!40014 SET @OLD_FOREIGN_KEY_CHECKS=@@FOREIGN_KEY_CHECKS, FOREIGN_KEY_CHECKS=0 */;
/*!40101 SET @OLD_SQL_MODE=@@SQL_MODE, SQL_MODE='NO_AUTO_VALUE_ON_ZERO' */;
/*!40111 SET @OLD_SQL_NOTES=@@SQL_NOTES, SQL_NOTES=0 */;

--
-- Table structure for table `le_admin`
--

DROP TABLE IF EXISTS `le_admin`;
/*!40101 SET @saved_cs_client     = @@character_set_client */;
/*!40101 SET character_set_client = utf8 */;
CREATE TABLE `le_admin` (
  `id` int(11) NOT NULL AUTO_INCREMENT,
  `account` varchar(40) NOT NULL COMMENT '把原来的name改成account',
  `pwd` varchar(255) NOT NULL,
  `qyname` varchar(200) NOT NULL COMMENT '名称',
  `mname` varchar(255) NOT NULL COMMENT '公司名称',
  `type` varchar(255) NOT NULL COMMENT '0为admin,1为企业,2是财务总监,3是大区总裁,4,企业ceo,5账号管理员',
  `pid` int(11) NOT NULL DEFAULT '0' COMMENT '企业CEOid',
  `proportion` double(11,0) NOT NULL DEFAULT '0' COMMENT '风险金比例',
  `tc` varchar(255) NOT NULL DEFAULT '0' COMMENT '单张票提成比例',
  `cc` varchar(255) NOT NULL DEFAULT '0' COMMENT '卡提成比例',
  `fc` varchar(255) NOT NULL DEFAULT '0' COMMENT '朋友圈提成比例',
  `nc` varchar(255) NOT NULL DEFAULT '0' COMMENT '九大规划门票比例',
  `dc` varchar(255) NOT NULL DEFAULT '0' COMMENT '弟子提成比例',
  `leafletstc` varchar(255) NOT NULL DEFAULT '0' COMMENT '单张票金额',
  `leafletscc` varchar(255) NOT NULL DEFAULT '0' COMMENT '单张卡金额',
  `leafletsfc` varchar(255) NOT NULL DEFAULT '0' COMMENT '单条朋友圈金额',
  `leafletsdc` varchar(255) NOT NULL DEFAULT '0' COMMENT '单个弟子金额',
  `leafletsnc` varchar(255) NOT NULL DEFAULT '0' COMMENT '单张九大规划门票金额',
  PRIMARY KEY (`id`)
) ENGINE=InnoDB AUTO_INCREMENT=256 DEFAULT CHARSET=utf8;
/*!40101 SET character_set_client = @saved_cs_client */;

--
-- Dumping data for table `le_admin`
--

LOCK TABLES `le_admin` WRITE;
/*!40000 ALTER TABLE `le_admin` DISABLE KEYS */;
INSERT INTO `le_admin` VALUES (1,'admin','e10adc3949ba59abbe56e057f20f883e','','','',0,0,'0','0','0','0','0','0','0','0','0','0'),(185,'qihang','e10adc3949ba59abbe56e057f20f883e','企航教育集团','企航教育集团','1',0,12,'72','771000000','371','157','47','380','9800','49000','500000','1980'),(186,'CEO1','e10adc3949ba59abbe56e057f20f883e','邓林','邓林','4',185,0,'0','0','0','0','0','0','0','0','0','0'),(197,'zhangxue','e10adc3949ba59abbe56e057f20f883e','张雪','呵呵','5',185,0,'0','0','0','0','0','0','0','0','0','0'),(198,'yanxin','e10adc3949ba59abbe56e057f20f883e','岩心','嘿嘿','5',185,0,'0','0','0','0','0','0','0','0','0','0'),(208,'abc','e10adc3949ba59abbe56e057f20f883e','企航教育集团','123','3',185,0,'0','0','0','0','0','0','0','0','0','0'),(209,'zhengdehua','c33367701511b4f6020ec61ded352059','企航教育集团','爱德华','3',185,0,'0','0','0','0','0','0','0','0','0','0'),(210,'jiangbei','e10adc3949ba59abbe56e057f20f883e','企航教育集团','江北1','3',185,0,'0','0','0','0','0','0','0','0','0','0'),(211,'abcd','e10adc3949ba59abbe56e057f20f883e','企航教育集团','123','3',185,0,'0','0','0','0','0','0','0','0','0','0'),(212,'wo','e10adc3949ba59abbe56e057f20f883e','企航教育集团','123456','3',185,0,'0','0','0','0','0','0','0','0','0','0'),(213,'zongcai','e10adc3949ba59abbe56e057f20f883e','企航教育集团','中国','3',185,0,'0','0','0','0','0','0','0','0','0','0'),(214,'1231','6c14da109e294d1e8155be8aa4b1ce8e','1231','1231','5',185,0,'0','0','0','0','0','0','0','0','0','0'),(215,'123789','e10adc3949ba59abbe56e057f20f883e','中小企业','中小企业','4',185,0,'0','0','0','0','0','0','0','0','0','0'),(216,'8508071111','e10adc3949ba59abbe56e057f20f883e','闫鑫','闫鑫','5',185,0,'0','0','0','0','0','0','0','0','0','0'),(217,'daqu','e10adc3949ba59abbe56e057f20f883e','企航教育集团','大区经理','3',185,0,'0','0','0','0','0','0','0','0','0','0'),(218,'123456789','e10adc3949ba59abbe56e057f20f883e','启航','启航','4',185,0,'0','0','0','0','0','0','0','0','0','0'),(220,'6543210','e10adc3949ba59abbe56e057f20f883e','企航教育集团','成果','2',185,0,'0','0','0','0','0','0','0','0','0','0'),(221,'369741','e10adc3949ba59abbe56e057f20f883e','企航教育集团','敬业','3',185,0,'0','0','0','0','0','0','0','0','0','0'),(222,'yanxin12008','e10adc3949ba59abbe56e057f20f883e','闫鑫','闫鑫','4',185,0,'0','0','0','0','0','0','0','0','0','0'),(223,'yanxin1','e10adc3949ba59abbe56e057f20f883e','管理公司','管理公司','5',185,0,'0','0','0','0','0','0','0','0','0','0'),(224,'8888','e10adc3949ba59abbe56e057f20f883e','企航教育集团','大会计','2',185,0,'0','0','0','0','0','0','0','0','0','0'),(225,'daquzongcai','e10adc3949ba59abbe56e057f20f883e','企航教育集团','大区总裁','3',185,0,'0','0','0','0','0','0','0','0','0','0'),(226,'aaaaaa','e10adc3949ba59abbe56e057f20f883e','企航教育集团','123','2',185,0,'0','0','0','0','0','0','0','0','0','0'),(227,'85080711114','e10adc3949ba59abbe56e057f20f883e','企航教育集团','yanxin','3',185,0,'0','0','0','0','0','0','0','0','0','0'),(228,'liyang2','f63f4fbc9f8c85d409f2f59f2b9e12d5','李阳ceo','李阳ceo','4',185,0,'0','0','0','0','0','0','0','0','0','0'),(229,'li1','f63f4fbc9f8c85d409f2f59f2b9e12d5','企航教育集团','李','3',185,0,'0','0','0','0','0','0','0','0','0','0'),(231,'guanli','e10adc3949ba59abbe56e057f20f883e','管理人员','管理人员','5',185,0,'0','0','0','0','0','0','0','0','0','0'),(233,'ceo12','e10adc3949ba59abbe56e057f20f883e','东北','东北','4',185,0,'0','0','0','0','0','0','0','0','0','0'),(234,'guanliyuan','e10adc3949ba59abbe56e057f20f883e','管理员','管理员','5',185,0,'0','0','0','0','0','0','0','0','0','0'),(235,'deng3','e10adc3949ba59abbe56e057f20f883e','邓琳','邓琳','4',185,0,'0','0','0','0','0','0','0','0','0','0'),(236,'dehuaouba','c33367701511b4f6020ec61ded352059','郑德华','郑德华','5',185,0,'0','0','0','0','0','0','0','0','0','0'),(237,'caiwuzongjian','e10adc3949ba59abbe56e057f20f883e','企航教育集团','财务总监','2',185,0,'0','0','0','0','0','0','0','0','0','0'),(238,'zhangxue01','e10adc3949ba59abbe56e057f20f883e','张雪','张雪','5',185,0,'0','0','0','0','0','0','0','0','0','0'),(239,'daquzongcai12','e10adc3949ba59abbe56e057f20f883e','企航教育集团','大区总裁','3',185,0,'0','0','0','0','0','0','0','0','0','0'),(240,'caiwu01','e10adc3949ba59abbe56e057f20f883e','企航教育集团','财务总','2',185,0,'0','0','0','0','0','0','0','0','0','0'),(241,'daquzong','e10adc3949ba59abbe56e057f20f883e','企航教育集团','大区总裁01','3',185,0,'0','0','0','0','0','0','0','0','0','0'),(244,'sunliting','e10adc3949ba59abbe56e057f20f883e','孙丽婷','孙丽婷','4',185,0,'0','0','0','0','0','0','0','0','0','0'),(245,'sunliting.','e10adc3949ba59abbe56e057f20f883e','孙丽婷','孙丽婷','5',185,0,'0','0','0','0','0','0','0','0','0','0'),(246,'sunliting..','e10adc3949ba59abbe56e057f20f883e','企航教育集团','孙丽婷','2',185,0,'0','0','0','0','0','0','0','0','0','0'),(247,'sunliting...','e10adc3949ba59abbe56e057f20f883e','企航教育集团','孙丽婷','3',185,0,'0','0','0','0','0','0','0','0','0','0'),(252,'erha','e10adc3949ba59abbe56e057f20f883e','二哈','二哈','1',0,0,'0','0','0','0','0','0','0','0','0','0'),(253,'8','c9f0f895fb98ab9159f51fd0297e236d','二哈','8','3',252,0,'0','0','0','0','0','0','0','0','0','0'),(254,'yanxin3f33','e10adc3949ba59abbe56e057f20f883e','闫鑫','闫鑫','4',185,0,'0','0','0','0','0','0','0','0','0','0'),(255,'shoujiban','e10adc3949ba59abbe56e057f20f883e','企航教育集团','手机版测试','3',185,0,'0','0','0','0','0','0','0','0','0','0');
/*!40000 ALTER TABLE `le_admin` ENABLE KEYS */;
UNLOCK TABLES;

--
-- Table structure for table `le_adminnub_log`
--

DROP TABLE IF EXISTS `le_adminnub_log`;
/*!40101 SET @saved_cs_client     = @@character_set_client */;
/*!40101 SET character_set_client = utf8 */;
CREATE TABLE `le_adminnub_log` (
  `id` int(11) NOT NULL,
  `time` date NOT NULL COMMENT '操作时间',
  `log` text NOT NULL COMMENT '操作记录 人看部分',
  `data` text NOT NULL COMMENT '操作记录 代码部分',
  `adminid` int(11) NOT NULL COMMENT '管理员id',
  PRIMARY KEY (`id`)
) ENGINE=InnoDB DEFAULT CHARSET=utf8;
/*!40101 SET character_set_client = @saved_cs_client */;

--
-- Dumping data for table `le_adminnub_log`
--

LOCK TABLES `le_adminnub_log` WRITE;
/*!40000 ALTER TABLE `le_adminnub_log` DISABLE KEYS */;
/*!40000 ALTER TABLE `le_adminnub_log` ENABLE KEYS */;
UNLOCK TABLES;

--
-- Table structure for table `le_bill`
--

DROP TABLE IF EXISTS `le_bill`;
/*!40101 SET @saved_cs_client     = @@character_set_client */;
/*!40101 SET character_set_client = utf8 */;
CREATE TABLE `le_bill` (
  `id` int(11) NOT NULL AUTO_INCREMENT,
  `pid` int(11) DEFAULT '0' COMMENT '定金单id',
  `uid` int(11) DEFAULT '0' COMMENT '分公司Id',
  `name` varchar(255) DEFAULT NULL COMMENT '学员姓名',
  `phone` varchar(115) DEFAULT NULL COMMENT '手机号',
  `num` tinyint(11) DEFAULT '0' COMMENT '数量',
  `amount` double(255,0) DEFAULT '0' COMMENT '总金额',
  `houston` double(255,0) DEFAULT '0' COMMENT '进账',
  `deposit` tinyint(255) DEFAULT '0' COMMENT '定金:0=否，1=是',
  `period` varchar(255) DEFAULT NULL COMMENT '还款期数',
  `outs` double(255,0) DEFAULT '0' COMMENT '出账',
  `reason` varchar(255) DEFAULT NULL COMMENT '原因',
  `remarks` varchar(255) DEFAULT NULL COMMENT '备注',
  `type` tinyint(255) DEFAULT '0' COMMENT '类别:1=票，2=卡，3=朋友圈，4=弟子学员,5=九大规划门票',
  `time` date DEFAULT NULL COMMENT '时间',
  `aid` int(11) NOT NULL COMMENT '企业id',
  `risk` double(255,0) DEFAULT NULL COMMENT '风险金',
  `fid` int(11) NOT NULL COMMENT '客户id',
  `cid` int(11) NOT NULL COMMENT '课程id',
  `orderid` int(11) NOT NULL COMMENT '成交id',
  `gonetype` int(11) NOT NULL DEFAULT '0' COMMENT '0为部分完款,1为完款',
  PRIMARY KEY (`id`)
) ENGINE=InnoDB AUTO_INCREMENT=74 DEFAULT CHARSET=utf8;
/*!40101 SET character_set_client = @saved_cs_client */;

--
-- Dumping data for table `le_bill`
--

LOCK TABLES `le_bill` WRITE;
/*!40000 ALTER TABLE `le_bill` DISABLE KEYS */;
INSERT INTO `le_bill` VALUES (53,0,17,NULL,NULL,1,1000,1000,0,'',0,'','',1,'2017-03-06',0,120,44,5,12,0),(54,0,17,NULL,NULL,1,1000,1000,0,'',0,'','',1,'2017-03-06',0,120,44,5,12,0),(55,0,17,NULL,NULL,1,10,10,0,'-/-',0,NULL,NULL,1,'2017-03-07',0,1,52,13,27,0),(56,0,17,'','',0,0,0,0,'',10,'客户有事来不了','要求退款',0,'2017-03-07',0,0,0,0,0,0),(60,0,17,NULL,NULL,1,10000,5000,1,'0/2',0,NULL,NULL,4,'2017-03-07',0,600,70,17,31,0),(61,60,17,NULL,NULL,1,10000,500,0,'1/2',0,NULL,NULL,4,'2017-03-07',0,60,70,17,31,0),(62,60,17,NULL,NULL,1,10000,4500,0,'2/2',0,NULL,NULL,4,'2017-03-07',0,540,70,17,31,0),(63,0,17,'','',0,0,0,0,'',1000,'的方式','当时发生地方',0,'2017-03-07',0,0,0,0,0,0),(64,0,17,NULL,NULL,1,1,1,0,'-/-',0,NULL,NULL,1,'2017-03-15',0,NULL,44,5,12,0),(65,0,17,NULL,NULL,1,11,11,0,'-/-',0,NULL,NULL,1,'2017-03-15',0,NULL,44,5,13,2),(66,0,17,NULL,NULL,1,11,11,0,'-/-',0,NULL,NULL,1,'2017-03-15',0,NULL,44,5,12,1),(67,0,17,NULL,NULL,1,1,1,0,'-/-',0,NULL,NULL,1,'2017-03-15',0,NULL,44,5,14,2),(68,0,17,NULL,NULL,1,1,1,0,'-/-',0,NULL,NULL,1,'2017-03-15',0,NULL,44,5,12,2),(69,0,17,NULL,NULL,1,100,100,0,'-/-',0,NULL,NULL,1,'2017-03-15',0,NULL,44,11,21,1),(70,0,17,NULL,NULL,1,1,1,0,'-/-',0,NULL,NULL,1,'2017-03-15',0,NULL,44,5,13,1),(73,0,17,NULL,NULL,1,380,380,0,'-/-',0,NULL,NULL,1,'2017-03-17',0,NULL,51,12,26,0);
/*!40000 ALTER TABLE `le_bill` ENABLE KEYS */;
UNLOCK TABLES;

--
-- Table structure for table `le_course`
--

DROP TABLE IF EXISTS `le_course`;
/*!40101 SET @saved_cs_client     = @@character_set_client */;
/*!40101 SET character_set_client = utf8 */;
CREATE TABLE `le_course` (
  `id` int(11) NOT NULL AUTO_INCREMENT,
  `uid` int(11) NOT NULL DEFAULT '0' COMMENT '关联分公司id',
  `jid` int(11) NOT NULL DEFAULT '0' COMMENT '讲师id',
  `place` varchar(255) NOT NULL DEFAULT '0' COMMENT '上课地点',
  `classname` varchar(255) NOT NULL DEFAULT '0' COMMENT '课程名',
  `starttime` date DEFAULT NULL COMMENT '开始时间',
  `endtime` date DEFAULT NULL COMMENT '结束时间',
  `Qyvalue` varchar(255) DEFAULT '0' COMMENT '存储编辑企业的客户',
  `conduct` int(1) NOT NULL COMMENT '0:未进行 1:已进行 ',
  PRIMARY KEY (`id`)
) ENGINE=InnoDB AUTO_INCREMENT=26 DEFAULT CHARSET=utf8;
/*!40101 SET character_set_client = @saved_cs_client */;

--
-- Dumping data for table `le_course`
--

LOCK TABLES `le_course` WRITE;
/*!40000 ALTER TABLE `le_course` DISABLE KEYS */;
INSERT INTO `le_course` VALUES (1,17,15,'哈尔滨市','培训大会','2017-03-02','2017-03-02','0',1),(2,17,15,'一曼街23号','九大规划','2017-03-03','2017-03-07','0',1),(3,17,21,'一曼街23号','九大规划','2017-03-02','2017-03-02','0',1),(5,17,65,'哈尔滨','嘿嘿嘿','2017-03-02','2017-03-02','0',1),(6,58,58,'哈尔滨市','课名','2017-03-07','2017-03-07','0',0),(7,58,59,'0','0',NULL,NULL,'0',0),(8,58,60,'0','0',NULL,NULL,'0',0),(9,58,58,'哈尔滨市','课名','2017-03-07','2017-03-07','0',0),(11,17,64,'宇宙  地球  太阳','宇宙 地球  太阳','2017-03-06','2017-03-06','0',1),(12,17,12,'助企会议室','财务系统','2017-03-06','2017-03-07','0',1),(13,17,67,'助企会议室','培训课','2017-03-07','2017-03-07','0',1),(14,19,65,'中国 哈尔滨','好莱坞','2017-03-07','2017-03-07','0',1),(15,17,67,'助企会议室','助企活动课','2017-03-08','2017-03-09','0',0),(16,17,67,'助企会议室','梦想起飞','2017-03-22','2017-03-22','0',1),(17,17,67,'黑龙江助企有限公司','测试','2017-03-07','2017-03-07','0',1),(18,59,68,'地球某一角落','手机用户讲解','2017-03-09','2017-03-09','0',1),(22,60,68,'只有课程信息','只有课程信息','2017-03-09','2017-03-09','0',1),(24,61,68,'就是试试看','我就是想试试','2017-03-09','2017-03-09','0',1),(25,23,64,'shit','121221122','2017-03-16','2017-03-29','0',1);
/*!40000 ALTER TABLE `le_course` ENABLE KEYS */;
UNLOCK TABLES;

--
-- Table structure for table `le_course_com`
--

DROP TABLE IF EXISTS `le_course_com`;
/*!40101 SET @saved_cs_client     = @@character_set_client */;
/*!40101 SET character_set_client = utf8 */;
CREATE TABLE `le_course_com` (
  `id` int(11) NOT NULL AUTO_INCREMENT,
  `cid` int(11) NOT NULL COMMENT '课程id',
  `fid` int(11) NOT NULL COMMENT '(le_information表中的id)客户id',
  `pnum` int(200) NOT NULL DEFAULT '0' COMMENT '参与课程人数',
  `issignin` int(11) NOT NULL COMMENT '是否签到 0：未签到 1：已签到',
  PRIMARY KEY (`id`)
) ENGINE=InnoDB AUTO_INCREMENT=44 DEFAULT CHARSET=utf8;
/*!40101 SET character_set_client = @saved_cs_client */;

--
-- Dumping data for table `le_course_com`
--

LOCK TABLES `le_course_com` WRITE;
/*!40000 ALTER TABLE `le_course_com` DISABLE KEYS */;
INSERT INTO `le_course_com` VALUES (1,6,6,10,0),(3,9,22,10,0),(5,9,16,10,0),(7,6,11,1,0),(8,8,46,2,0),(12,5,45,2,0),(13,5,44,2,0),(19,11,44,0,0),(20,11,6,50,0),(21,11,15,10,0),(22,12,51,10,0),(23,13,52,10,0),(27,15,51,10,0),(29,16,45,10,0),(30,14,7,20,0),(31,17,45,0,1),(33,18,72,50,0),(37,22,73,0,0),(39,24,74,0,0),(40,17,128,0,0),(41,5,128,0,0),(42,11,128,0,0),(43,17,6,1,1);
/*!40000 ALTER TABLE `le_course_com` ENABLE KEYS */;
UNLOCK TABLES;

--
-- Table structure for table `le_course_com_order`
--

DROP TABLE IF EXISTS `le_course_com_order`;
/*!40101 SET @saved_cs_client     = @@character_set_client */;
/*!40101 SET character_set_client = utf8 */;
CREATE TABLE `le_course_com_order` (
  `id` int(11) NOT NULL AUTO_INCREMENT,
  `comid` int(11) NOT NULL COMMENT 'le_course_com 表中id',
  `time` date NOT NULL COMMENT '时间',
  `ticket` int(11) NOT NULL COMMENT '小票',
  `planning` int(11) NOT NULL COMMENT '九大规划门票',
  `card` int(11) NOT NULL COMMENT '卡',
  `friends` int(11) NOT NULL COMMENT '朋友圈',
  `disciple` int(11) NOT NULL COMMENT '弟子',
  `rid` int(22) NOT NULL COMMENT '成交人 id',
  `typet` varchar(255) NOT NULL DEFAULT '0' COMMENT '0是未入账，1是入账，2是已发 小票',
  `typep` varchar(255) NOT NULL DEFAULT '0' COMMENT '0是未入账，1是入账，2是已发 九大规划门票',
  `typec` varchar(255) NOT NULL DEFAULT '0' COMMENT '0是未入账，1是入账，2是已发 卡',
  `typef` varchar(255) NOT NULL DEFAULT '0' COMMENT '0是未入账，1是入账，2是已发 朋友圈',
  `typed` varchar(255) NOT NULL DEFAULT '0' COMMENT '0是未入账，1是入账，2是已发 弟子',
  `leafletstc` varchar(255) NOT NULL COMMENT '单价小票',
  `leafletsnc` varchar(255) NOT NULL COMMENT '单价九大规划',
  `leafletscc` varchar(255) NOT NULL COMMENT '单价卡会员',
  `leafletsfc` varchar(255) NOT NULL COMMENT '单价朋友圈',
  `leafletsdc` varchar(255) NOT NULL COMMENT '单价弟子学员',
  `gonetype` int(11) NOT NULL DEFAULT '0' COMMENT '0为部分完款,1为完款',
  PRIMARY KEY (`id`)
) ENGINE=InnoDB AUTO_INCREMENT=52 DEFAULT CHARSET=utf8;
/*!40101 SET character_set_client = @saved_cs_client */;

--
-- Dumping data for table `le_course_com_order`
--

LOCK TABLES `le_course_com_order` WRITE;
/*!40000 ALTER TABLE `le_course_com_order` DISABLE KEYS */;
INSERT INTO `le_course_com_order` VALUES (1,1,'2017-03-06',10,10,20,40,10,1,'2','2','2','2','0','100','100','100','100','100',0),(3,5,'2017-03-05',10,0,0,0,0,19,'0','0','0','0','0','100','100','100','100','100',0),(4,5,'2017-03-04',10,0,0,0,0,19,'0','0','0','0','0','100','100','100','100','100',0),(5,3,'2017-03-02',0,10,0,0,0,19,'0','0','0','0','0','100','100','100','100','100',0),(6,7,'2017-03-02',11,12,13,12,11,1,'0','0','0','0','0','100','100','100','100','100',0),(8,10,'2017-03-02',4,9,0,0,0,2,'0','0','0','0','0','100','100','100','100','100',0),(9,13,'2017-03-02',0,2,0,0,2,19,'0','2','0','0','2','100','100','100','100','1000',0),(10,12,'2017-03-02',0,1,0,0,1,19,'0','1','0','0','0','100','100','100','100','100',0),(12,13,'2017-03-02',1,0,0,1,0,19,'1','1','0','0','0','100','100','100','100','100',2),(13,13,'2017-03-06',1,0,0,0,0,1,'1','0','0','0','0','100','100','100','100','100',1),(14,13,'2017-03-06',1,0,0,0,0,1,'0','0','0','0','0','100','100','100','100','100',2),(15,13,'2017-03-06',1,0,0,0,0,4,'0','0','0','0','0','100','100','100','100','100',0),(19,13,'2017-03-06',0,0,0,0,1,1,'0','0','0','0','2','100','100','100','100','100',0),(20,12,'2017-03-06',0,0,0,0,1,4,'0','0','0','0','0','100','100','100','100','100',0),(21,19,'2017-03-06',1,0,0,0,0,1,'1','0','0','0','0','100','100','100','100','100',1),(22,19,'2017-03-06',1,0,0,0,0,1,'0','0','0','0','0','100','100','100','100','100',0),(23,20,'2017-03-06',1,0,0,0,0,1,'0','0','0','0','0','100','100','100','100','100',0),(24,20,'2017-03-16',1,0,0,0,0,4,'0','0','0','0','0','100','100','100','100','100',0),(25,21,'2017-03-06',10,10,10,10,10,4,'5','5','5','5','5','100','100','100','100','100',0),(26,22,'2017-03-06',1,0,0,0,0,1,'1','0','0','0','0','100','100','100','100','100',0),(27,23,'2017-03-07',1,0,0,0,0,1,'0','0','0','0','0','100','100','100','100','100',0),(28,30,'2017-03-07',10,0,0,0,0,1,'0','0','0','0','0','100','100','100','100','100',0),(29,31,'2017-03-07',0,0,0,0,1,1,'0','0','0','0','2','100','100','100','100','100',1),(32,31,'2017-03-08',1,0,0,0,1,1,'0','0','0','0','0','100','100','100','100','100',0),(33,31,'2017-03-08',1,0,0,0,1,1,'0','0','0','0','0','100','100','100','100','100',0),(34,31,'2017-03-08',2,0,0,2,0,1,'0','0','0','0','0','381','1980','9800','49000','500000',0),(35,33,'2017-03-09',100,0,0,0,0,24,'2','0','0','0','0','50','5000','0','1000','1000',0),(38,31,'2017-03-09',1,0,0,1,0,1,'0','0','0','0','0','380','1980','9800','49000','500000',0),(44,37,'2017-03-09',0,0,0,0,1234,25,'0','0','0','0','0','50','5000','0','500','0',0),(45,33,'2017-03-09',0,0,0,123456,0,24,'0','0','0','0','0','100','10000','0','1000','0',0),(47,33,'2017-03-09',2222,0,0,0,0,24,'0','0','0','0','0','100','10000','0','1000','0',0),(48,33,'2017-03-09',3333,0,0,0,0,24,'0','0','0','0','0','100','10000','0','1000','0',0),(49,40,'2017-03-17',0,1,0,1,0,19,'0','0','0','0','0','380','1980','9800','49000','500000',0),(50,39,'2017-03-18',0,1,0,0,0,26,'0','0','0','0','0','0','0','0','0','0',0),(51,39,'2017-03-18',0,1,0,0,0,26,'0','0','0','0','0','0','0','0','0','0',0);
/*!40000 ALTER TABLE `le_course_com_order` ENABLE KEYS */;
UNLOCK TABLES;

--
-- Table structure for table `le_enterprise`
--

DROP TABLE IF EXISTS `le_enterprise`;
/*!40101 SET @saved_cs_client     = @@character_set_client */;
/*!40101 SET character_set_client = utf8 */;
CREATE TABLE `le_enterprise` (
  `id` int(11) NOT NULL AUTO_INCREMENT,
  `Qyname` varchar(255) DEFAULT NULL COMMENT '企业名称',
  `phone` varchar(255) NOT NULL COMMENT '企业电话',
  `tc` varchar(255) NOT NULL DEFAULT '0' COMMENT '单张票提成比例',
  `cc` varchar(255) NOT NULL DEFAULT '0' COMMENT '卡提成比例',
  `fc` varchar(255) NOT NULL DEFAULT '0' COMMENT '朋友圈提成比例',
  `nc` varchar(255) NOT NULL DEFAULT '0' COMMENT '九大规划门票比例',
  `dc` varchar(255) NOT NULL DEFAULT '0' COMMENT '弟子提成比例',
  `leafletstc` varchar(255) DEFAULT '0' COMMENT '单张票金额',
  `leafletscc` varchar(255) DEFAULT '0' COMMENT '单张卡金额',
  `leafletsfc` varchar(255) DEFAULT '0' COMMENT '单条朋友圈金额',
  `leafletsdc` varchar(255) DEFAULT '0' COMMENT '单个弟子金额',
  `leafletsnc` varchar(255) DEFAULT '0' COMMENT '单张九大规划门票金额',
  `aid` int(11) DEFAULT NULL COMMENT '父级id',
  `ppid` int(11) DEFAULT NULL COMMENT '企业id',
  PRIMARY KEY (`id`)
) ENGINE=InnoDB AUTO_INCREMENT=62 DEFAULT CHARSET=utf8;
/*!40101 SET character_set_client = @saved_cs_client */;

--
-- Dumping data for table `le_enterprise`
--

LOCK TABLES `le_enterprise` WRITE;
/*!40000 ALTER TABLE `le_enterprise` DISABLE KEYS */;
INSERT INTO `le_enterprise` VALUES (17,'江北凤凰','','10','10','10','10','10','380','9800','49000','500000','1980',210,185),(19,'abc','','0','0','0','0','0','380','9800','49000','500000','1980',210,185),(23,'黑龙江','','5','5','5','5','5','380','9800','49000','500000','1980',210,185),(24,'111','','0','0','0','0','0','380','9800','49000','500000','1980',0,185),(25,'小公司','','0','0','0','0','0','380','9800','49000','500000','1980',217,185),(27,'使命有限公司','','0','0','0','0','0','380','9800','49000','500000','1980',221,185),(28,'中国区域公司','','0','0','0','0','0','380','9800','49000','500000','1980',225,185),(29,'哈尔滨阿尔法','','0','0','0','0','0','380','9800','49000','500000','1980',229,185),(31,'测试分公司','','0','0','0','0','0','380','9800','49000','500000','1980',40,185),(32,'梦想集团','','0','0','0','0','0','380','9800','49000','500000','1980',239,185),(33,'助企有限公司','','0','0','0','0','0','380','9800','49000','500000','1980',241,185),(35,'矿泉水公司','','0','0','0','0','0','380','9800','49000','500000','1980',247,185),(40,'鸡西地区启航教育','','0','0','0','0','0','380','9800','49000','500000','1980',209,185),(58,'分公司','','10','10','10','10','10','100','100','100','100','100',253,252),(59,'手机版公司','10','10','10','10','10','10','100','0','1000','0','10000',255,185),(60,'手机版2公司','10','10','10','10','10','10','50','0','500','0','5000',255,185),(61,'手机3','','0','0','0','0','0','0','0','0','0','0',255,185);
/*!40000 ALTER TABLE `le_enterprise` ENABLE KEYS */;
UNLOCK TABLES;

--
-- Table structure for table `le_follow`
--

DROP TABLE IF EXISTS `le_follow`;
/*!40101 SET @saved_cs_client     = @@character_set_client */;
/*!40101 SET character_set_client = utf8 */;
CREATE TABLE `le_follow` (
  `id` int(11) NOT NULL AUTO_INCREMENT,
  `oid` int(11) NOT NULL COMMENT '跟进热nid',
  `img` varchar(255) NOT NULL,
  `info` varchar(255) NOT NULL COMMENT '跟进内容',
  `ftime` datetime NOT NULL COMMENT '跟进时间',
  `rid` int(22) NOT NULL COMMENT '负责人id',
  `followmessage` varchar(225) NOT NULL COMMENT '跟进人信息',
  PRIMARY KEY (`id`)
) ENGINE=InnoDB AUTO_INCREMENT=39 DEFAULT CHARSET=utf8;
/*!40101 SET character_set_client = @saved_cs_client */;

--
-- Dumping data for table `le_follow`
--

LOCK TABLES `le_follow` WRITE;
/*!40000 ALTER TABLE `le_follow` DISABLE KEYS */;
INSERT INTO `le_follow` VALUES (1,7,'/Public/Uploads/upapplon/58b675664bbe8.jpg','沟通良好','2017-03-01 15:17:20',2,'admin|企航教育集团|1|185'),(2,9,'','一套衣服有好处','2017-03-02 09:27:26',19,'admin|企航教育集团|1|185'),(3,9,'','和GV健康 ','2017-03-02 09:27:44',19,'admin|企航教育集团|1|185'),(4,9,'','和GV健康 ','2017-03-02 09:27:45',19,'admin|企航教育集团|1|185'),(5,14,'/Public/Uploads/upapplon/58b775f9ad5d4.jpg','谈了一个大单子','2017-03-02 09:31:39',10,'admin|企航教育集团|1|185'),(6,16,'','吃饭','2017-03-02 09:51:51',19,'admin|企航教育集团|1|185'),(7,5,'/Public/Uploads/upapplon/58b77baa3062d.jpg','1','2017-03-02 09:55:55',11,'admin|企航教育集团|1|185'),(8,16,'/Public/Uploads/upapplon/58b77bb56d32b.jpg','一起吃饭','2017-03-02 09:56:11',19,'admin|1231|5|214'),(9,19,'','11','2017-03-02 10:03:57',19,'admin|企航教育集团|1|185'),(10,19,'','zzz','2017-03-02 10:06:33',19,'admin|企航教育集团|1|185'),(11,6,'','2013.2.6','2017-03-02 10:25:33',2,'admin|企航教育集团|1|185'),(12,5,'/Public/Uploads/upapplon/58b783065d29b.jpg','我想你了','2017-03-02 10:27:25',11,'admin|企航教育集团|1|185'),(13,5,'','0【】','2017-03-02 10:27:30',11,'admin|1231|5|214'),(14,8,'/Public/Uploads/upapplon/58b7835095b53.jpg','与客户谈项目','2017-03-02 10:28:34',1,'admin|企航教育集团|1|185'),(15,6,'/Public/Uploads/upapplon/58b7836064fa3.jpg','我上大学','2017-03-02 10:28:49',2,'admin|1231|5|214'),(16,11,'','duiduqeo','2017-03-02 10:29:43',19,'admin|企航教育集团|1|185'),(17,30,'/Public/Uploads/upapplon/58b7839ea96bf.jpg','湘潭愉快 ','2017-03-02 10:29:52',2,'admin|企航教育集团|1|185'),(18,15,'','egrthg','2017-03-02 10:30:04',6,'admin|企航教育集团|1|185'),(19,21,'','rty4uy56','2017-03-02 10:30:18',19,'admin|企航教育集团|1|185'),(20,22,'','客户关系管理，时间搜索是搜索在这个时间内的所有客户，客户状态搜索是根据客户的真实状态进行的搜索，底部功能栏移交。点击移交','2017-03-02 10:31:48',19,'admin|企航教育集团|1|185'),(21,34,'','777','2017-03-02 10:44:21',17,'admin|企航教育集团|1|185'),(22,24,'',' ','2017-03-02 10:53:23',22,'admin|1231|5|214'),(23,10,'','任何人以','2017-03-02 11:06:59',8,'admin|企航教育集团|1|185'),(24,10,'','游戏','2017-03-02 11:07:15',8,'admin|企航教育集团|1|185'),(25,13,'','切','2017-03-02 11:07:34',10,'admin|企航教育集团|1|185'),(26,20,'','就','2017-03-02 11:07:41',8,'admin|企航教育集团|1|185'),(27,33,'/Public/Uploads/upapplon/58b78f678e60e.jpg','吃饭','2017-03-02 11:20:08',2,'admin|1231|5|214'),(28,5,'/Public/Uploads/upapplon/58b7aff25218f.jpg','业务员已完成一单，跟进客户情况在今日完成，客户属于初期接触阶段，还需进一步加强对客户的维护。','2017-03-02 13:38:59',16,'user|助经理|8|39'),(29,36,'','认可产品，下周一面谈','2017-03-02 13:39:11',10,'admin|企航教育集团|1|185'),(30,37,'','一起喝水','2017-03-02 13:48:48',17,'admin|1231|5|214'),(31,10,'/Public/Uploads/upapplon/58b7b34b7d5ec.jpg','已跟进，客户表示有进一步学习的欲望，会持续跟进','2017-03-02 13:53:16',8,'admin|企航教育集团|1|185'),(32,45,'/Public/Uploads/upapplon/58b7b83bb9eed.jpg','rt','2017-03-02 14:14:20',19,'user|12312|8|66'),(33,44,'/Public/Uploads/upapplon/58b7b85165df4.jpg','不v','2017-03-02 14:14:42',19,'user|12312|8|66'),(34,46,'/Public/Uploads/upapplon/58b7b8648717d.jpg','个体防护','2017-03-02 14:15:01',19,'user|12312|8|66'),(35,6,'','1111','2017-03-02 14:15:12',1,'admin|企航教育集团|1|185'),(36,6,'','电话费','2017-03-02 14:19:40',1,'admin|企航教育集团|1|185'),(37,62,'','sdfh','2017-03-02 15:14:56',19,'salesman|12|5|19'),(38,70,'/Public/Uploads/upapplon/58be6148dfdb1.jpg','的风格大方','2017-03-07 15:29:13',1,'user|李总监|6|67');
/*!40000 ALTER TABLE `le_follow` ENABLE KEYS */;
UNLOCK TABLES;

--
-- Table structure for table `le_information`
--

DROP TABLE IF EXISTS `le_information`;
/*!40101 SET @saved_cs_client     = @@character_set_client */;
/*!40101 SET character_set_client = utf8 */;
CREATE TABLE `le_information` (
  `id` int(11) NOT NULL AUTO_INCREMENT,
  `uid` int(11) NOT NULL COMMENT '分公司id',
  `rid` int(11) DEFAULT '0' COMMENT '负责人id ',
  `name` varchar(255) DEFAULT NULL COMMENT '客户名称',
  `type` int(11) DEFAULT NULL COMMENT '客户类型 1:最终客户,2:渠道客户,3:竞争对手',
  `state` int(11) DEFAULT NULL COMMENT '客户状态,1:潜在客户,2:初步接触,3:持续跟进,4:成交客户,5:忠诚客户,6:无效客户',
  `nature` int(11) DEFAULT NULL COMMENT '客户性质,1:企业客户,2:个人客户,3:政府企业单位',
  `level` int(11) DEFAULT NULL COMMENT '客户分级,1:小型,2:中型,3:大型',
  `industry` int(11) DEFAULT NULL COMMENT '客户行业 1:金融,2:电信,3:教育,4:高科技,5:政府,6:制造业,7:服务业,8:能源,9:零售,10:媒体,11:娱乐,12:咨询,13:非盈利事业,14:公用事业,15:其他',
  `star` int(11) DEFAULT NULL COMMENT '重要程度 1-5',
  `source` varchar(220) DEFAULT NULL COMMENT '客户来源',
  `tel` varchar(220) DEFAULT NULL COMMENT '联系方式',
  `address` varchar(255) CHARACTER SET utf8mb4 DEFAULT NULL COMMENT '地址',
  `ztime` date NOT NULL COMMENT '操作时间',
  `ctime` date DEFAULT NULL COMMENT '创建时间',
  `status` int(5) NOT NULL COMMENT '0:未成交 1:已成交',
  `deletemark` int(11) DEFAULT NULL COMMENT '0 :未删除 ,1:已删除',
  `contact` varchar(255) DEFAULT NULL COMMENT '联系人',
  `surplus` int(20) NOT NULL DEFAULT '0' COMMENT '连续只购买APP次数',
  `countdown` date NOT NULL COMMENT '九大规划倒计时',
  `birthday` date DEFAULT NULL COMMENT '客户生日',
  `profitid` varchar(255) NOT NULL DEFAULT '0' COMMENT '分红讲师id',
  `remaining` int(11) NOT NULL DEFAULT '0' COMMENT '剩余听课次数',
  `province` varchar(220) NOT NULL COMMENT '省份',
  `city` varchar(220) NOT NULL COMMENT '市',
  PRIMARY KEY (`id`,`ztime`)
) ENGINE=InnoDB AUTO_INCREMENT=129 DEFAULT CHARSET=utf8;
/*!40101 SET character_set_client = @saved_cs_client */;

--
-- Dumping data for table `le_information`
--

LOCK TABLES `le_information` WRITE;
/*!40000 ALTER TABLE `le_information` DISABLE KEYS */;
INSERT INTO `le_information` VALUES (1,1,0,'曾庆辉',2,3,2,2,1,5,'认识','13136757275','一曼街23号','0000-00-00','2017-03-01',0,1,'马德会',0,'0000-00-00',NULL,'65',100,'',''),(6,17,0,'大公司',2,5,3,3,5,5,'介绍','13880800088','哈尔滨市道外区','2017-03-02','2017-03-06',1,0,'旭旭',6,'0000-00-00','1994-04-09','17',0,'黑龙江','哈尔滨'),(7,17,1,'哈尔滨运输1123',2,3,1,2,7,3,'在大会相识','13625254525','哈尔滨香坊区','2017-03-01','2017-03-10',1,0,'汪兴海',2,'0000-00-00','2017-03-10','17',0,'',''),(8,17,4,'某某集团',2,1,3,3,0,4,'朋友介绍','13970700077','哈尔滨市道外区','2017-03-02','2017-03-13',0,0,'旭旭',0,'0000-00-00','0000-00-00','',0,'',''),(9,27,4,'看见了重复建设的',3,2,2,2,1,4,'介绍','13145676543','不但能开发教会了我','2017-03-02','2017-03-06',0,0,'道具费',0,'0000-00-00','0000-00-00','27',0,'',''),(10,27,8,'助企1',1,3,1,2,4,5,'朋友介绍','18888888888','哈尔滨市永平小区','2017-03-02','2017-03-02',0,0,'刘总',0,'0000-00-00',NULL,'67',0,'',''),(11,17,4,'启亨',3,2,2,0,1,3,'朋友介绍','13836101047','哈市','2017-03-02','2017-03-06',1,0,'闫鑫',0,'0000-00-00','0000-00-00','15',0,'',''),(12,35,17,'娃哈哈',2,2,1,2,6,5,'参加会议所相识','13055556666','哈尔滨南岗','0000-00-00','2017-03-02',0,0,'王先生',0,'0000-00-00',NULL,'0',0,'',''),(13,32,10,'现实公司',1,2,1,1,7,4,'朋友介绍','13600455222','哈尔滨','2017-03-02','2017-03-02',0,0,'小王',0,'0000-00-00',NULL,'0',0,'',''),(14,32,10,'万达铸业',2,3,1,3,7,4,'社交媒体','18777777777','哈西万达','2017-03-02','2017-03-02',0,0,'王健林',0,'0000-00-00',NULL,'0',0,'',''),(15,23,0,'1234',1,4,2,3,5,5,'朋友介绍','13066655555','哈尔滨','2017-03-02','2017-03-02',0,0,'微微',0,'0000-00-00',NULL,'25',0,'',''),(16,17,19,'万达1',2,3,2,2,2,3,'电话销售','13339417275','一曼街23号','2017-03-02','2017-03-06',1,0,'董瑞',0,'0000-00-00','0000-00-00','65',0,'',''),(20,27,8,'帅哥',1,5,1,1,4,4,'渠道代理','18666666666','哈尔滨','2017-03-02','2017-03-02',0,0,'你好',0,'0000-00-00',NULL,'0',0,'',''),(21,17,4,'哈尔滨运输1',2,3,1,2,7,3,'在大会相识','18235858456','哈尔滨香坊区','2017-03-02','2017-03-02',0,0,'汪兴海',0,'0000-00-00',NULL,'0',0,'',''),(23,58,0,'8',0,1,0,0,5,0,'','15745613245','8','0000-00-00','2017-03-02',0,0,'8',0,'0000-00-00',NULL,'0',0,'',''),(24,25,22,'冯朝旭',2,5,3,3,5,5,'介绍','哈尔滨市道外区','0000-00-00','2017-03-02','2017-03-02',0,0,'13880800088',0,'0000-00-00',NULL,'0',0,'',''),(25,25,22,'哈尔滨运输',2,3,1,2,7,3,'在大会相识','哈尔滨香坊区','2017-03-01','0000-00-00','2017-03-02',0,0,'13625254525',0,'0000-00-00',NULL,'0',0,'',''),(26,25,22,'万达',2,3,2,2,2,3,'电话销售','一曼街23号','2017-03-02','0000-00-00','2017-03-02',0,0,'13339417275',0,'0000-00-00',NULL,'0',0,'',''),(27,25,22,'hhj ',2,5,2,2,3,4,'df','ww','2017-03-02','0000-00-00','2017-03-02',0,0,'13159852771',0,'0000-00-00',NULL,'0',0,'',''),(28,25,22,'哈尔滨运输1',2,3,1,2,7,3,'在大会相识','哈尔滨香坊区','0000-00-00','0000-00-00','2017-03-02',0,0,'18235858456',0,'0000-00-00',NULL,'0',0,'',''),(29,25,22,'x',1,2,1,1,1,1,'不要你管','地球村','0000-00-00','0000-00-00','2017-03-02',0,0,'12236545263',0,'0000-00-00',NULL,'0',0,'',''),(31,58,0,'6',0,1,0,0,0,0,'','15745678912','6','0000-00-00','2017-03-02',0,0,'6',0,'0000-00-00','2017-03-02','0',0,'',''),(32,58,0,'9',0,1,0,0,5,0,'','15345612378','9','0000-00-00','2017-03-02',0,0,'',0,'0000-00-00','2017-03-14','0',0,'',''),(33,17,1,'冰激凌',1,2,1,3,2,3,'竞争对手','15836101047','哈市','2017-03-02','2017-03-02',0,0,'闫鑫',0,'0000-00-00','0000-00-00','0',0,'',''),(34,35,17,'123456',1,4,1,3,6,5,'ppp','13678999666','122336','2017-03-02','2017-03-02',0,0,'xxx',0,'0000-00-00',NULL,'0',0,'',''),(35,35,17,'圆圆',2,3,2,1,4,4,'朋友介绍','13044445555','哈尔滨','0000-00-00','2017-03-02',0,0,'小王',0,'0000-00-00',NULL,'0',0,'',''),(36,32,10,'理想集团',1,4,1,3,6,4,'企业大会认识','13799998888','哈尔滨香坊区','2017-03-02','2017-03-02',0,0,'张总',0,'0000-00-00',NULL,'',0,'',''),(37,35,17,'宝泉矿泉水',2,2,2,2,9,3,'会场见面','15776666339','宝库镇','2017-03-02','2017-03-02',0,0,'李宝库',0,'0000-00-00',NULL,'',0,'',''),(38,58,0,'对对对',0,0,0,0,0,0,'','187450164723','','0000-00-00','2017-03-02',0,1,'联系人1',0,'0000-00-00','0000-00-00','0',0,'',''),(39,58,0,'对对对',0,0,0,0,0,0,'','187450164723','','0000-00-00','2017-03-02',0,1,'联系人1',0,'0000-00-00','0000-00-00','0',0,'',''),(40,58,0,'对对对',0,0,0,0,0,0,'','187450164723','','0000-00-00','2017-03-02',0,1,'联系人1',0,'0000-00-00','0000-00-00','0',0,'',''),(41,58,0,'对对对',0,0,0,0,0,0,'','187450164723','','0000-00-00','2017-03-02',0,1,'联系人1',0,'0000-00-00','0000-00-00','0',0,'',''),(42,58,0,'对对对',0,0,0,0,0,0,'','187450164723','','0000-00-00','2017-03-02',0,1,'联系人1',0,'0000-00-00','0000-00-00','0',0,'',''),(43,58,0,'对对对',0,0,0,0,0,0,'','187450164723','','0000-00-00','2017-03-02',0,1,'联系人1',0,'0000-00-00','0000-00-00','0',0,'',''),(44,17,1,'哈尔滨龙云运输有限责任公司',2,3,1,2,7,4,'在哈尔滨企业大会上相识','哈尔滨景巷街110号','2017-03-02','2017-03-02','2017-03-02',1,0,'13652525452',3,'0000-00-00',NULL,'64',2,'',''),(45,17,1,'助企2',1,3,1,2,4,5,'哈尔滨市永平小区','18888888888','2017-03-02','2017-03-02','2017-03-10',1,0,'王牧田',0,'0000-00-00','0000-00-00','67',0,'',''),(46,17,19,'现实公司',1,2,1,1,7,4,'朋友介绍','哈尔滨','2017-03-02','2017-03-02','2017-03-02',1,0,'13600455222',0,'0000-00-00',NULL,'0',0,'',''),(47,17,2,'万达铸业',2,3,1,3,7,4,'社交媒体','哈西万达','2017-03-02','0000-00-00','2017-03-02',0,0,'18777777777',1,'0000-00-00',NULL,'0',0,'',''),(48,17,2,'1234',1,4,2,3,5,5,'朋友介绍','哈尔滨','2017-03-02','0000-00-00','2017-03-02',0,0,'13066655555',0,'0000-00-00',NULL,'0',0,'',''),(49,17,2,'帅哥',1,5,1,1,4,4,'渠道代理','哈尔滨','2017-03-02','0000-00-00','2017-03-02',0,0,'18666666666',0,'0000-00-00',NULL,'0',0,'',''),(50,17,2,'123456',1,4,1,3,6,5,'ppp','122336','2017-03-02','0000-00-00','2017-03-02',0,0,'13678999666',0,'0000-00-00',NULL,'0',0,'',''),(51,17,0,'理想集团',1,4,1,3,6,4,'企业大会认识','哈尔滨香坊区','2017-03-02','0000-00-00','2017-03-02',1,0,'13799998888',4,'0000-00-00',NULL,'0',0,'',''),(52,17,0,'宝泉矿泉水',2,2,2,2,9,3,'会场见面','宝库镇','2017-03-02','0000-00-00','2017-03-02',1,0,'15776666339',3,'0000-00-00',NULL,'0',0,'',''),(53,35,17,'小小小',1,3,1,2,0,5,'朋友介绍','13044445555','哈尔滨','0000-00-00','2017-03-02',0,0,'木木木',0,'0000-00-00',NULL,'0',0,'',''),(54,58,0,'对对对',0,0,0,0,0,0,'','187450164723','','0000-00-00','2017-03-02',0,1,'联系人1',0,'0000-00-00','0000-00-00','0',0,'',''),(55,35,17,'3333',1,3,1,2,3,4,'0','13836102549','哈尔滨','0000-00-00','2017-03-02',0,0,'1',0,'0000-00-00',NULL,'0',0,'',''),(56,58,0,'对对对',0,0,0,0,0,0,'','187450164723','','0000-00-00','2017-03-02',0,1,'联系人1',0,'0000-00-00','1995-01-01','0',0,'',''),(57,58,0,'对对对',0,0,0,0,0,0,'','187450164723','','2017-03-02','2017-03-02',0,1,'联系人1',0,'0000-00-00','1995-01-01','0',0,'',''),(58,58,0,'对对对',0,0,0,0,0,0,'','187450164723','','0000-00-00','2017-03-02',0,1,'联系人1',0,'0000-00-00','1995-01-01','0',0,'',''),(59,58,0,'对对对',0,0,0,0,0,0,'','187450164723','','0000-00-00','2017-03-02',0,0,'联系人1',0,'0000-00-00','1995-01-01','0',0,'',''),(60,17,2,'李梅',1,1,2,2,2,3,'市场','18345094111','哈市','0000-00-00','2017-03-02',0,0,'李总',0,'0000-00-00','1969-06-09','0',0,'',''),(62,17,19,'fgds ',2,3,2,2,2,3,'gf ','15776638369','ch','2017-03-02','2017-03-02',0,0,'ghd ',0,'0000-00-00','1994-10-15','0',0,'',''),(63,17,0,'1',0,1,0,0,0,0,'1','18363632525','1','0000-00-00','2017-03-02',0,0,'18163632525',0,'0000-00-00','2017-03-02','0',0,'',''),(64,19,0,'冯朝旭1',0,0,0,0,0,0,'','sdfggdfg','去','0000-00-00','2017-03-02',0,0,'啊',0,'0000-00-00','1905-06-14','0',0,'',''),(66,25,20,'丽丽',1,3,2,1,5,4,'市场','18645691230','哈市','0000-00-00','2017-03-02',0,0,'丽总',0,'0000-00-00','1969-03-09','0',0,'',''),(69,17,0,'.21',0,1,0,0,0,0,'','15878987457','7','0000-00-00','2017-03-02',0,0,'',2,'0000-00-00','0000-00-00','0',0,'',''),(70,17,1,'齐齐哈尔农业科技公司',1,3,1,2,4,4,'企业大会相识','13688888888','齐齐哈尔龙江','2017-03-07','2017-03-07',0,0,'秦海璐',0,'0000-00-00','2017-03-01','0',0,'',''),(71,17,0,'到付款地方',1,2,1,3,2,4,'dsfsdfsd','13625458785','第三方撒发生的','0000-00-00','2017-03-07',0,0,'地方的',0,'0000-00-00','2017-03-07','0',0,'',''),(72,59,24,'手机用户',0,1,0,0,0,0,'外太空接收来的','18106363265','火星','0000-00-00','2017-03-09',1,0,'手机用户',2,'0000-00-00','2017-03-09','68',0,'',''),(73,60,25,'手机2客户',0,1,0,0,0,0,'特工介绍','15847414744','火星情报局','0000-00-00','2017-03-09',1,0,'手机2',1,'0000-00-00','0000-00-00','68',0,'',''),(74,61,26,'手机客户三',0,1,0,0,0,0,'没有','15855585885','没有','0000-00-00','2017-03-09',1,0,'手机3',2,'2017-03-18','0000-00-00','68',0,'',''),(75,17,0,'龙云',0,1,0,0,0,0,'','13625452584','块；讲课；看','0000-00-00','2017-03-15',0,0,'地方的',0,'0000-00-00','2017-03-16','',0,'',''),(76,17,0,'喜来登',0,1,0,0,0,0,'','13625452569','的方式发生地方撒发生','0000-00-00','2017-03-15',0,1,'喜来登',0,'0000-00-00','2017-03-16','',0,'12','1201'),(77,0,0,'',0,1,0,0,0,0,'','','','0000-00-00','2017-03-15',0,0,'',0,'0000-00-00','0000-00-00','',0,'01','0101'),(78,0,0,'',0,1,0,0,0,0,'','','','0000-00-00','2017-03-15',0,0,'',0,'0000-00-00','0000-00-00','',0,'07','0'),(79,0,0,'',0,1,0,0,0,0,'','','','0000-00-00','2017-03-15',0,0,'',0,'0000-00-00','0000-00-00','',0,'12','0'),(80,0,0,'',0,1,0,0,0,0,'','','','0000-00-00','2017-03-15',0,0,'',0,'0000-00-00','0000-00-00','',0,'18','选择城市'),(81,0,0,'',0,1,0,0,0,0,'','','','0000-00-00','2017-03-15',0,0,'',0,'0000-00-00','0000-00-00','',0,'12','0'),(82,0,0,'',0,1,0,0,0,0,'','','','0000-00-00','2017-03-15',0,0,'',0,'0000-00-00','0000-00-00','',0,'18','0'),(83,0,0,'',0,1,0,0,0,0,'','','','0000-00-00','2017-03-15',0,0,'',0,'0000-00-00','0000-00-00','',0,'18','0'),(84,0,0,'',0,1,0,0,0,0,'','','','0000-00-00','2017-03-15',0,0,'',0,'0000-00-00','0000-00-00','',0,'15','0'),(85,0,0,'',0,1,0,0,0,0,'','','','0000-00-00','2017-03-15',0,0,'',0,'0000-00-00','0000-00-00','',0,'10','0'),(86,0,0,'',0,1,0,0,0,0,'','','','0000-00-00','2017-03-15',0,0,'',0,'0000-00-00','0000-00-00','',0,'12','0'),(87,0,0,'',0,1,0,0,0,0,'','','','0000-00-00','2017-03-15',0,0,'',0,'0000-00-00','0000-00-00','',0,'07','0'),(88,0,0,'',0,1,0,0,0,0,'','','','0000-00-00','2017-03-15',0,0,'',0,'0000-00-00','0000-00-00','',0,'17','选择城市'),(89,0,0,'',0,1,0,0,0,0,'','','','0000-00-00','2017-03-15',0,0,'',0,'0000-00-00','0000-00-00','',0,'15',''),(90,0,0,'',0,1,0,0,0,0,'','','','0000-00-00','2017-03-15',0,0,'',0,'0000-00-00','0000-00-00','',0,'19',''),(91,0,0,'',0,1,0,0,0,0,'','','','0000-00-00','2017-03-15',0,0,'',0,'0000-00-00','0000-00-00','',0,'19',''),(92,0,0,'',0,1,0,0,0,0,'','','','0000-00-00','2017-03-15',0,0,'',0,'0000-00-00','0000-00-00','',0,'18',''),(93,0,0,'',0,1,0,0,0,0,'','','','0000-00-00','2017-03-15',0,0,'',0,'0000-00-00','0000-00-00','',0,'01',''),(94,0,0,'',0,1,0,0,0,0,'','','','0000-00-00','2017-03-15',0,0,'',0,'0000-00-00','0000-00-00','',0,'18','selectc'),(95,0,0,'',0,1,0,0,0,0,'','','','0000-00-00','2017-03-15',0,0,'',0,'0000-00-00','0000-00-00','',0,'01','selectc'),(96,0,0,'',0,1,0,0,0,0,'','','','0000-00-00','2017-03-15',0,0,'',0,'0000-00-00','0000-00-00','',0,'15','0'),(97,0,0,'',0,1,0,0,0,0,'','','','0000-00-00','2017-03-15',0,0,'',0,'0000-00-00','0000-00-00','',0,'01','a'),(98,0,0,'',0,1,0,0,0,0,'','','','0000-00-00','2017-03-15',0,0,'',0,'0000-00-00','0000-00-00','',0,'01','选择城市'),(99,0,0,'',0,1,0,0,0,0,'','','','0000-00-00','2017-03-15',0,0,'',0,'0000-00-00','0000-00-00','',0,'19','0'),(100,0,0,'',0,1,0,0,0,0,'','','','0000-00-00','2017-03-15',0,0,'',0,'0000-00-00','0000-00-00','',0,'01','0'),(101,0,0,'',0,1,0,0,0,0,'','','','0000-00-00','2017-03-15',0,0,'',0,'0000-00-00','0000-00-00','',0,'01','选择城市'),(102,0,0,'',0,1,0,0,0,0,'','','','0000-00-00','2017-03-15',0,0,'',0,'0000-00-00','0000-00-00','',0,'01','选择城市'),(103,0,0,'',0,1,0,0,0,0,'','','','0000-00-00','2017-03-15',0,0,'',0,'0000-00-00','0000-00-00','',0,'01','选择城市'),(104,0,0,'',0,1,0,0,0,0,'','','','0000-00-00','2017-03-15',0,0,'',0,'0000-00-00','0000-00-00','',0,'01','0'),(105,0,0,'',0,1,0,0,0,0,'','','','0000-00-00','2017-03-15',0,0,'',0,'0000-00-00','0000-00-00','',0,'01','0'),(106,0,0,'',0,1,0,0,0,0,'','','','0000-00-00','2017-03-15',0,0,'',0,'0000-00-00','0000-00-00','',0,'01','0'),(107,0,0,'',0,1,0,0,0,0,'','','','0000-00-00','2017-03-15',0,0,'',0,'0000-00-00','0000-00-00','',0,'03','0318'),(108,0,0,'',0,1,0,0,0,0,'','','','0000-00-00','2017-03-15',0,0,'',0,'0000-00-00','0000-00-00','',0,'01','0101'),(109,0,0,'',0,1,0,0,0,0,'','','','0000-00-00','2017-03-15',0,0,'',0,'0000-00-00','0000-00-00','',0,'05','0503'),(110,17,0,'jkhkkj',0,1,0,0,0,0,'费功夫功夫','13625254658','费功夫功夫功夫功夫功夫','0000-00-00','2017-03-15',0,0,'法规和风格',0,'0000-00-00','2017-03-15','',0,'',''),(111,17,0,'鹤骨鸡肤',0,1,0,0,0,0,'过好几个号','13625458987','鹤骨鸡肤更好','0000-00-00','2017-03-15',0,0,'饭盒',0,'0000-00-00','2017-03-15','',0,'',''),(112,17,0,'龙华',0,1,0,0,0,0,'撒地方是的','13625458569','当时发生的发生的发生大','0000-00-00','2017-03-15',0,1,'龙哥',0,'0000-00-00','2017-03-15','',0,'01:北京','0101:东城区'),(113,17,0,'测试',1,2,1,3,1,5,'的说法是否','13652548975','永平小区','0000-00-00','2017-03-15',0,1,'测试',0,'0000-00-00','2017-03-30','',0,'01','01'),(114,17,0,'测试1',1,2,1,1,1,3,'的撒发生的','13666666666','啊沙发上打啊发撒的发生地方','0000-00-00','2017-03-15',0,1,'测试1',0,'0000-00-00','2017-03-29','',0,':深',':深'),(115,17,0,'测试2',2,3,1,1,3,4,'速度发啊是地方','13655555555','时代发生的发生的发生的','0000-00-00','2017-03-15',0,1,'测试2',0,'0000-00-00','2017-03-28','',0,'上','1:'),(116,17,0,'测试3',2,3,1,1,1,2,'测试3','13644444444','测试3','0000-00-00','2017-03-15',0,1,'测试3',0,'0000-00-00','2017-03-27','',0,'黑龙江',':哈尔滨'),(117,17,1,'好日子',1,2,1,1,1,2,'好日子','13699999999','好日子','0000-00-00','2017-03-15',0,0,'好日子',0,'0000-00-00','2017-03-16','',0,'','齐齐哈尔'),(118,17,0,'一体乳',0,1,0,0,0,0,'荣誉','13625458564','一头如同语','0000-00-00','2017-03-15',0,0,'一头如同',0,'0000-00-00','2017-03-15','',0,'浙江','衢州'),(119,17,0,'测试4',1,2,1,1,1,2,'沙发上地方撒','13654258695','的说法是否的撒发生','0000-00-00','2017-03-15',0,0,'测试4',0,'0000-00-00','2017-03-15','',0,'黑龙江','伊春'),(120,17,0,'打假公司',1,2,1,1,1,2,'速度发顺丰的','13688888888','的事实地方撒复方丹参','0000-00-00','2017-03-15',0,0,'李师傅',0,'0000-00-00','2017-03-15','',0,'安徽','宣武区'),(121,17,0,'ceshi6',0,2,0,0,1,0,'地方撒发生','13625415785','当时发生的发生的发生','0000-00-00','2017-03-16',0,0,'测试6',0,'0000-00-00','2017-03-16','',0,'黑龙江','东城区'),(122,17,0,'测试7',1,2,1,1,1,3,'速度发顺丰的沙发上地方','13625252545','的撒受到辐射大法师答复多少','0000-00-00','2017-03-16',0,0,'测试7',0,'0000-00-00','2017-03-17','',0,'上海','东城区'),(123,17,0,'测试2017030',0,1,0,0,0,0,'1','18745016473','1','0000-00-00','2017-03-16',0,0,'张先生',0,'0000-00-00','2017-03-16','',0,'黑龙江','哈尔滨'),(124,17,0,'测试',0,1,0,0,0,0,'对对对','18745016473','都得','0000-00-00','2017-03-16',0,0,'好人',0,'0000-00-00','2017-03-16','',0,'02:深圳','0202:福田'),(125,17,0,' 理想集团11',0,0,0,0,0,0,'1','18745016473','地球','0000-00-00','2017-03-16',0,0,'1',0,'0000-00-00','2013-02-09','0',0,'12:黑龙江','1201:哈尔滨'),(126,17,0,'大范甘迪',0,1,0,0,0,0,'是的风格大方','13625458565','发的个地方','0000-00-00','2017-03-16',0,0,'的风格大方',0,'0000-00-00','2017-03-16','',0,'','择城市'),(127,17,0,'12',0,1,0,0,0,0,'12','13859585487','12','0000-00-00','2017-03-17',0,0,'12',0,'0000-00-00','2017-03-17','',0,'34:澳门','0:选择城市'),(128,17,0,'ceshi001',0,1,0,0,0,0,'朋友介绍','18745016473','道外区','0000-00-00','2017-03-17',1,0,'刘先生',2,'0000-00-00','2017-03-17','undefined',0,'','');
/*!40000 ALTER TABLE `le_information` ENABLE KEYS */;
UNLOCK TABLES;

--
-- Table structure for table `le_message`
--

DROP TABLE IF EXISTS `le_message`;
/*!40101 SET @saved_cs_client     = @@character_set_client */;
/*!40101 SET character_set_client = utf8 */;
CREATE TABLE `le_message` (
  `id` int(11) NOT NULL AUTO_INCREMENT,
  `uid` int(11) NOT NULL COMMENT '分公司id',
  `cid` int(11) NOT NULL COMMENT '分公司财务id',
  `stuname` varchar(220) NOT NULL COMMENT '学员姓名',
  `content` varchar(220) NOT NULL,
  `time` timestamp NOT NULL DEFAULT CURRENT_TIMESTAMP ON UPDATE CURRENT_TIMESTAMP,
  `aid` varchar(220) DEFAULT NULL COMMENT 'admin表的id',
  `eid` varchar(220) DEFAULT NULL COMMENT 'user表的id',
  PRIMARY KEY (`id`)
) ENGINE=InnoDB AUTO_INCREMENT=37 DEFAULT CHARSET=utf8;
/*!40101 SET character_set_client = @saved_cs_client */;

--
-- Dumping data for table `le_message`
--

LOCK TABLES `le_message` WRITE;
/*!40000 ALTER TABLE `le_message` DISABLE KEYS */;
INSERT INTO `le_message` VALUES (1,17,0,'哈尔滨龙云运输有限责任公司',' 申报弟子学员 交定金 500元','2017-03-08 08:47:20','185',NULL),(2,17,0,'哈尔滨龙云运输有限责任公司',' 申报弟子学员 交定金 0.5元','2017-03-08 07:18:57','',NULL),(3,17,0,'哈尔滨龙云运输有限责任公司',' 申报弟子学员 交全款 1元','2017-03-08 08:29:21','185',NULL),(4,17,0,'哈尔滨龙云运输有限责任公司',' 申报弟子学员 交全款 1元','2017-03-08 07:39:29','185','65'),(5,17,5,'哈尔滨龙云运输有限责任公司',' 申报弟子学员 在1/2次还款中已还款 0.5元','2017-03-08 07:39:02','','65'),(6,17,5,'哈尔滨龙云运输有限责任公司',' 申报弟子学员 在1/5次还款中已还款 1元','2017-03-08 07:39:03','',NULL),(7,17,0,'哈尔滨龙云运输有限责任公司',' 申报弟子学员 交定金 0.1元','2017-03-08 07:39:03','',NULL),(8,17,5,'哈尔滨龙云运输有限责任公司',' 申报弟子学员 在1/3次还款中已还款 0.2元','2017-03-08 07:39:04','','65'),(9,17,5,'哈尔滨龙云运输有限责任公司',' 申报弟子学员 在2/3次还款中已还款 0.2元','2017-03-08 08:31:47','',NULL),(10,17,5,'哈尔滨龙云运输有限责任公司',' 申报弟子学员 在1/2次还款中已还款 0.2元','2017-03-08 08:31:47','',NULL),(11,17,0,'哈尔滨龙云运输有限责任公司',' 申报弟子学员 交定金 20000元','2017-03-08 08:31:47','',NULL),(12,17,5,'哈尔滨龙云运输有限责任公司',' 申报弟子学员 在1/5次还款中已还款 20000元','2017-03-08 07:39:08','',NULL),(13,17,5,'哈尔滨龙云运输有限责任公司',' 申报弟子学员 在2/5次还款中已还款 10000元','2017-03-08 08:31:47','',NULL),(14,17,5,'哈尔滨龙云运输有限责任公司',' 申报弟子学员 在3/5次还款中已还款 10000元','2017-03-08 07:39:09','','65'),(15,17,5,'哈尔滨龙云运输有限责任公司',' 申报弟子学员 在4/5次还款中已还款 20000元','2017-03-08 07:39:10','',NULL),(16,17,5,'哈尔滨龙云运输有限责任公司',' 申报弟子学员 在5/5次还款中已完款 20000元','2017-03-08 08:31:47','',NULL),(17,17,0,'哈尔滨龙云运输有限责任公司',' 申报弟子学员 交定金 5000元','2017-03-08 08:31:47','',NULL),(18,17,5,'哈尔滨龙云运输有限责任公司',' 申报弟子学员 在1/2次还款中已还款 2500元','2017-03-08 08:31:47','','65'),(19,17,5,'哈尔滨龙云运输有限责任公司',' 申报弟子学员 在1/2次还款中已还款 2500元','2017-03-08 08:31:47','','65'),(20,17,5,'哈尔滨龙云运输有限责任公司',' 申报弟子学员 在2/2次还款中已完款 2500元','2017-03-08 08:31:47','',NULL),(21,17,0,'哈尔滨龙云运输有限责任公司',' 申报弟子学员 交全款 100元','2017-03-08 08:47:36','185',NULL),(22,17,0,'哈尔滨龙云运输有限责任公司',' 申报弟子学员 交全款 100元','2017-03-08 08:31:47','',NULL),(23,17,0,'哈尔滨龙云运输有限责任公司',' 申报弟子学员 交全款 100元','2017-03-08 08:34:25','185',NULL),(24,17,0,'哈尔滨龙云运输有限责任公司',' 申报弟子学员 交定金 500元','2017-03-08 08:31:47','',NULL),(25,17,5,'哈尔滨龙云运输有限责任公司',' 申报弟子学员 在1/2次还款中已还款 250元','2017-03-08 08:31:47','',NULL),(26,17,5,'哈尔滨龙云运输有限责任公司',' 申报弟子学员 在1/2次还款中已还款 250元','2017-03-08 08:31:47','',NULL),(27,17,5,'哈尔滨龙云运输有限责任公司',' 申报弟子学员 在2/2次还款中已完款 250元','2017-03-08 08:31:47','',NULL),(28,17,5,'哈尔滨龙云运输有限责任公司',' 申报弟子学员 在1/2次还款中已还款 250元','2017-03-08 08:34:23','185',NULL),(29,17,5,'哈尔滨龙云运输有限责任公司',' 申报弟子学员 在2/2次还款中已完款 250元','2017-03-08 08:32:11','185',NULL),(30,17,0,'哈尔滨龙云运输有限责任公司',' 申报弟子学员 交全款 100元','2017-03-08 08:32:07','185',NULL),(31,17,0,'哈尔滨龙云运输有限责任公司',' 申报弟子学员 交全款 1元','2017-03-17 07:07:50','185','67'),(33,17,5,'哈尔滨龙云运输有限责任公司',' 申报弟子学员 在2/2次还款中已完款 490元','2017-03-17 07:07:49','185','67'),(34,17,0,'齐齐哈尔农业科技公司',' 申报弟子学员 交定金 5000元','2017-03-17 07:07:48','185','67'),(35,17,17,'齐齐哈尔农业科技公司',' 申报弟子学员 在1/2次还款中已还款 500元','2017-03-17 07:07:47','185','67'),(36,17,17,'齐齐哈尔农业科技公司',' 申报弟子学员 在2/2次还款中已完款 4500元','2017-03-17 05:19:36','185','67');
/*!40000 ALTER TABLE `le_message` ENABLE KEYS */;
UNLOCK TABLES;

--
-- Table structure for table `le_order`
--

DROP TABLE IF EXISTS `le_order`;
/*!40101 SET @saved_cs_client     = @@character_set_client */;
/*!40101 SET character_set_client = utf8 */;
CREATE TABLE `le_order` (
  `id` int(11) NOT NULL AUTO_INCREMENT COMMENT '学员顶订单表',
  `uid` int(11) DEFAULT NULL COMMENT '所属讲师财务id',
  `qid` int(11) DEFAULT NULL COMMENT '所属企业id',
  `sid` int(11) DEFAULT NULL COMMENT '所属学员id',
  `times` date DEFAULT NULL COMMENT '添加时间记录',
  `ticket` varchar(11) NOT NULL DEFAULT '0' COMMENT '票',
  `card` varchar(11) NOT NULL DEFAULT '0' COMMENT '卡',
  `friends` varchar(11) NOT NULL DEFAULT '' COMMENT '朋友圈',
  `planning` varchar(255) NOT NULL DEFAULT '0' COMMENT '九大规划门票',
  `disciple` varchar(11) NOT NULL DEFAULT '0' COMMENT '弟子',
  `ptype` varchar(11) NOT NULL DEFAULT '2' COMMENT '票状态 0:取消 1:已发 2:未发',
  `ctype` varchar(11) NOT NULL DEFAULT '2' COMMENT '卡状态 0:取消 1:已发 2:未发',
  `ftype` varchar(11) NOT NULL DEFAULT '2' COMMENT '朋友圈状态 0:取消 1:已发 2:未发',
  `dtype` varchar(11) NOT NULL DEFAULT '2' COMMENT '弟子状态 0:取消 1:已发 2:未发',
  `ntype` varchar(255) NOT NULL DEFAULT '2' COMMENT '九大规划状态 0:取消 1:已发 2:未发',
  `camount` double(255,0) NOT NULL DEFAULT '0' COMMENT '卡金额',
  `tamount` double(255,0) NOT NULL DEFAULT '0' COMMENT '票金额',
  `famount` double(255,0) NOT NULL DEFAULT '0' COMMENT '朋友圈金额',
  `damount` double(255,0) NOT NULL DEFAULT '0' COMMENT '弟子金额',
  `pamount` double(255,0) NOT NULL DEFAULT '0' COMMENT '九大规划门票金额',
  PRIMARY KEY (`id`)
) ENGINE=InnoDB DEFAULT CHARSET=utf8;
/*!40101 SET character_set_client = @saved_cs_client */;

--
-- Dumping data for table `le_order`
--

LOCK TABLES `le_order` WRITE;
/*!40000 ALTER TABLE `le_order` DISABLE KEYS */;
/*!40000 ALTER TABLE `le_order` ENABLE KEYS */;
UNLOCK TABLES;

--
-- Table structure for table `le_orders`
--

DROP TABLE IF EXISTS `le_orders`;
/*!40101 SET @saved_cs_client     = @@character_set_client */;
/*!40101 SET character_set_client = utf8 */;
CREATE TABLE `le_orders` (
  `id` int(22) NOT NULL AUTO_INCREMENT,
  `tid` int(22) NOT NULL COMMENT '讲师id',
  `qid` int(22) NOT NULL COMMENT '企业id',
  `sid` int(22) NOT NULL COMMENT '学员id',
  `times` date NOT NULL COMMENT '添加时间记录',
  `type` int(1) NOT NULL COMMENT '1:小票 2:卡 3:朋友圈 :4九大规划门票 5:弟子学员 ',
  `status` int(1) NOT NULL DEFAULT '0' COMMENT '1:已发 0 :未发 2:取消',
  `amount` varchar(200) NOT NULL COMMENT '金额',
  `num` int(22) NOT NULL DEFAULT '0' COMMENT '数量',
  PRIMARY KEY (`id`)
) ENGINE=InnoDB DEFAULT CHARSET=utf8;
/*!40101 SET character_set_client = @saved_cs_client */;

--
-- Dumping data for table `le_orders`
--

LOCK TABLES `le_orders` WRITE;
/*!40000 ALTER TABLE `le_orders` DISABLE KEYS */;
/*!40000 ALTER TABLE `le_orders` ENABLE KEYS */;
UNLOCK TABLES;

--
-- Table structure for table `le_salesman`
--

DROP TABLE IF EXISTS `le_salesman`;
/*!40101 SET @saved_cs_client     = @@character_set_client */;
/*!40101 SET character_set_client = utf8 */;
CREATE TABLE `le_salesman` (
  `id` int(11) NOT NULL AUTO_INCREMENT,
  `account` varchar(255) NOT NULL COMMENT '账号',
  `name` varchar(255) NOT NULL,
  `pwd` varchar(255) NOT NULL,
  `uid` int(11) NOT NULL COMMENT '分公司id',
  `aid` int(11) NOT NULL COMMENT '企业id',
  `role` int(1) NOT NULL COMMENT '5:\n业务经理,4:业务副经理,3:业务主管,2:业务副主管,,1:业务员',
  `mobile` varchar(255) DEFAULT NULL,
  PRIMARY KEY (`id`)
) ENGINE=InnoDB AUTO_INCREMENT=27 DEFAULT CHARSET=utf8;
/*!40101 SET character_set_client = @saved_cs_client */;

--
-- Dumping data for table `le_salesman`
--

LOCK TABLES `le_salesman` WRITE;
/*!40000 ALTER TABLE `le_salesman` DISABLE KEYS */;
INSERT INTO `le_salesman` VALUES (1,'123456','仗义','e10adc3949ba59abbe56e057f20f883e',17,0,5,'13536101047'),(2,'654321','假的','e10adc3949ba59abbe56e057f20f883e',17,0,4,'13636101049'),(3,'xiaoxiao','yewuyuan','1722442b586a85c95593a9c6131a0ebd',23,0,1,'13566669999'),(4,'12313','123123','f7e0ef389ac6133c88aedbd66b44a4e1',17,0,1,'15636699636'),(5,'aaaa','1234','e10adc3949ba59abbe56e057f20f883e',23,0,5,'13599999555'),(6,'bbbb','qqq','e10adc3949ba59abbe56e057f20f883e',23,0,4,'13788889999'),(7,'cccc','123','e10adc3949ba59abbe56e057f20f883e',23,0,1,'13978000000'),(8,'yewu002','爱岗01','e10adc3949ba59abbe56e057f20f883e',27,0,5,'18345095431'),(9,'liyang1','李','f63f4fbc9f8c85d409f2f59f2b9e12d5',28,0,2,'13652545212'),(10,'yewuzhuguan','业务主管','e10adc3949ba59abbe56e057f20f883e',32,0,3,'13675666666'),(11,'yewujing','业务经理','e10adc3949ba59abbe56e057f20f883e',33,0,5,'18622545222'),(12,'7','华北分公司5','8f14e45fceea167a5a36dedd4bea2543',34,0,1,'13069914312'),(13,'yewufujing','业务副经理','e10adc3949ba59abbe56e057f20f883e',33,0,4,'18333333333'),(14,'yewuzhu','业务主管','e10adc3949ba59abbe56e057f20f883e',33,0,3,'18777777777'),(15,'yewufuzhu','业务副主管','e10adc3949ba59abbe56e057f20f883e',33,0,2,'18999999999'),(16,'yewuyuan','业务员','e10adc3949ba59abbe56e057f20f883e',33,0,1,'18555555555'),(17,'sunliting........','孙丽婷','e10adc3949ba59abbe56e057f20f883e',35,0,1,'13055556666'),(19,'12','12','c20ad4d76fe97759aa27a0c99bff6710',17,0,5,'18456156444'),(20,'123','是的撒多','202cb962ac59075b964b07152d234b70',25,0,5,'15800000000'),(21,'gk','客服来得及阿斯利康','202cb962ac59075b964b07152d234b70',25,0,4,'15636695654'),(22,'123156','反倒是','202cb962ac59075b964b07152d234b70',25,0,1,'15776638369'),(23,'xiaoxiaoxiao','脑规划','e10adc3949ba59abbe56e057f20f883e',25,0,1,'18999999991'),(24,'shoujixiaoshouyuan','手机销售员','e10adc3949ba59abbe56e057f20f883e',59,0,5,'18545852555'),(25,'xiaoshouyuan2','销售员2','e10adc3949ba59abbe56e057f20f883e',60,0,5,'13569659888'),(26,'shouji3','手机3','e10adc3949ba59abbe56e057f20f883e',61,0,5,'13525452525');
/*!40000 ALTER TABLE `le_salesman` ENABLE KEYS */;
UNLOCK TABLES;

--
-- Table structure for table `le_student`
--

DROP TABLE IF EXISTS `le_student`;
/*!40101 SET @saved_cs_client     = @@character_set_client */;
/*!40101 SET character_set_client = utf8 */;
CREATE TABLE `le_student` (
  `id` int(11) NOT NULL AUTO_INCREMENT COMMENT '学员id',
  `uid` int(11) DEFAULT NULL COMMENT '财务讲师id',
  `qid` int(11) DEFAULT NULL COMMENT '企业id',
  `mobile` varchar(15) DEFAULT NULL COMMENT '学院手机号',
  `note` varchar(255) DEFAULT NULL COMMENT '学员备注',
  `name` varchar(255) DEFAULT NULL COMMENT '学员姓名',
  PRIMARY KEY (`id`)
) ENGINE=InnoDB DEFAULT CHARSET=utf8;
/*!40101 SET character_set_client = @saved_cs_client */;

--
-- Dumping data for table `le_student`
--

LOCK TABLES `le_student` WRITE;
/*!40000 ALTER TABLE `le_student` DISABLE KEYS */;
/*!40000 ALTER TABLE `le_student` ENABLE KEYS */;
UNLOCK TABLES;

--
-- Table structure for table `le_team`
--

DROP TABLE IF EXISTS `le_team`;
/*!40101 SET @saved_cs_client     = @@character_set_client */;
/*!40101 SET character_set_client = utf8 */;
CREATE TABLE `le_team` (
  `id` int(11) NOT NULL AUTO_INCREMENT,
  `tname` varchar(255) NOT NULL COMMENT '团队名称',
  `sid` int(11) NOT NULL COMMENT '上级领导',
  `uid` int(11) NOT NULL COMMENT '分公司id',
  PRIMARY KEY (`id`)
) ENGINE=InnoDB AUTO_INCREMENT=18 DEFAULT CHARSET=utf8;
/*!40101 SET character_set_client = @saved_cs_client */;

--
-- Dumping data for table `le_team`
--

LOCK TABLES `le_team` WRITE;
/*!40000 ALTER TABLE `le_team` DISABLE KEYS */;
INSERT INTO `le_team` VALUES (2,'梦想',5,23),(5,'厉害',1,17),(6,'厉害',1,17),(7,'tuandui',1,17),(8,'面积',1,17),(11,'111',2,17),(12,'威武',1,17),(13,'1111',20,25),(14,'助企一组',11,33),(15,'超越队',11,33),(17,'凤凰一组',1,17);
/*!40000 ALTER TABLE `le_team` ENABLE KEYS */;
UNLOCK TABLES;

--
-- Table structure for table `le_team_member`
--

DROP TABLE IF EXISTS `le_team_member`;
/*!40101 SET @saved_cs_client     = @@character_set_client */;
/*!40101 SET character_set_client = utf8 */;
CREATE TABLE `le_team_member` (
  `id` int(11) NOT NULL AUTO_INCREMENT,
  `tid` int(11) NOT NULL COMMENT '团队id',
  `eid` int(11) NOT NULL COMMENT '成员id',
  `iszg` int(11) NOT NULL COMMENT '是否是主管 1:是 0:否',
  `uid` int(11) NOT NULL COMMENT '分公司id',
  PRIMARY KEY (`id`)
) ENGINE=InnoDB AUTO_INCREMENT=158 DEFAULT CHARSET=utf8;
/*!40101 SET character_set_client = @saved_cs_client */;

--
-- Dumping data for table `le_team_member`
--

LOCK TABLES `le_team_member` WRITE;
/*!40000 ALTER TABLE `le_team_member` DISABLE KEYS */;
INSERT INTO `le_team_member` VALUES (1,1,2,1,0),(2,1,4,0,0),(3,1,19,0,0),(4,2,6,1,0),(5,2,6,1,0),(6,2,7,0,0),(7,2,7,0,0),(8,3,21,1,0),(9,3,22,0,0),(10,3,21,1,0),(11,3,21,1,0),(12,3,22,0,0),(13,3,22,0,0),(14,4,2,1,0),(15,4,4,0,0),(16,4,19,0,0),(17,5,2,1,0),(18,5,4,0,0),(19,6,2,1,0),(20,6,4,0,0),(21,7,2,1,0),(22,7,2,1,0),(23,7,4,0,0),(24,7,19,0,0),(25,7,4,0,0),(26,7,19,0,0),(27,5,2,1,0),(28,5,2,1,0),(29,5,4,0,0),(30,5,4,0,0),(31,5,2,1,0),(32,5,2,1,0),(33,5,4,0,0),(34,5,4,0,0),(35,8,2,1,0),(36,8,4,0,0),(37,8,19,0,0),(38,9,21,1,0),(39,9,22,0,0),(42,8,21,1,0),(43,8,2,1,0),(44,8,22,0,0),(45,8,4,0,0),(46,8,19,0,0),(47,10,19,1,0),(49,7,21,1,0),(50,7,2,1,0),(51,7,22,0,0),(52,7,4,0,0),(53,7,19,0,0),(54,8,21,1,0),(55,8,2,1,0),(56,8,21,1,0),(57,8,22,0,0),(58,8,4,0,0),(59,8,19,0,0),(60,8,22,0,0),(61,11,1,1,0),(62,11,1,1,0),(63,11,4,0,0),(64,11,4,0,0),(65,8,21,1,0),(66,8,2,1,0),(67,8,22,0,0),(68,8,4,0,0),(69,8,19,0,0),(70,8,22,0,0),(71,11,1,1,0),(72,11,1,1,0),(73,11,4,0,0),(74,11,4,0,0),(75,11,1,1,0),(76,11,1,1,0),(77,11,4,0,0),(78,11,4,0,0),(79,11,1,1,0),(80,11,1,1,0),(81,11,4,0,0),(82,11,4,0,0),(83,7,21,1,0),(84,7,2,1,0),(85,7,21,1,0),(86,7,22,0,0),(87,7,4,0,0),(88,7,19,0,0),(89,7,22,0,0),(90,7,21,1,0),(91,7,2,1,0),(92,7,22,0,0),(93,7,4,0,0),(94,7,19,0,0),(95,7,22,0,0),(96,8,21,1,0),(97,8,2,1,0),(98,8,22,0,0),(99,8,4,0,0),(100,11,1,1,0),(101,8,19,0,0),(102,11,4,0,0),(103,8,22,0,0),(104,11,4,0,0),(105,7,21,1,0),(106,7,2,1,0),(107,7,22,0,0),(108,7,4,0,0),(109,7,19,0,0),(110,7,22,0,0),(111,10,19,1,0),(112,10,1,0,0),(113,11,1,1,0),(114,11,1,1,0),(115,11,4,0,0),(116,11,4,0,0),(117,10,21,1,0),(118,10,19,1,0),(119,10,22,0,0),(120,10,1,0,0),(121,12,2,1,0),(122,12,19,0,0),(123,11,1,1,0),(124,11,4,0,0),(125,13,21,1,0),(126,13,21,1,0),(127,13,22,0,0),(128,13,22,0,0),(129,9,21,1,0),(130,9,21,1,0),(131,9,22,0,0),(132,9,22,0,0),(133,9,21,1,0),(134,9,22,0,0),(135,13,21,1,0),(136,13,22,0,0),(137,8,2,1,0),(138,8,21,1,0),(139,8,4,0,0),(140,8,19,0,0),(141,8,22,0,0),(142,13,21,1,0),(143,13,22,0,0),(144,13,21,1,0),(145,13,22,0,0),(146,13,23,0,0),(147,14,14,1,0),(148,14,16,0,0),(149,15,13,1,0),(150,15,14,1,0),(151,15,16,0,0),(152,15,15,0,0),(153,16,21,1,0),(154,16,23,0,0),(155,16,22,0,0),(156,17,2,1,0),(157,17,4,0,0);
/*!40000 ALTER TABLE `le_team_member` ENABLE KEYS */;
UNLOCK TABLES;

--
-- Table structure for table `le_transfer_log`
--

DROP TABLE IF EXISTS `le_transfer_log`;
/*!40101 SET @saved_cs_client     = @@character_set_client */;
/*!40101 SET character_set_client = utf8 */;
CREATE TABLE `le_transfer_log` (
  `id` int(22) NOT NULL AUTO_INCREMENT,
  `yrid` int(22) NOT NULL COMMENT '原负责人id',
  `nrid` int(22) NOT NULL COMMENT '现负责人id',
  `moveperson` varchar(220) NOT NULL,
  `fid` int(22) NOT NULL COMMENT '客户id',
  `ctime` datetime NOT NULL,
  `status` int(11) NOT NULL COMMENT '1:工作分配 2::员工交接 3:其他 4:成交负责人变动 5:创建客户',
  `reason` varchar(220) NOT NULL,
  PRIMARY KEY (`id`)
) ENGINE=InnoDB AUTO_INCREMENT=329 DEFAULT CHARSET=utf8;
/*!40101 SET character_set_client = @saved_cs_client */;

--
-- Dumping data for table `le_transfer_log`
--

LOCK TABLES `le_transfer_log` WRITE;
/*!40000 ALTER TABLE `le_transfer_log` DISABLE KEYS */;
INSERT INTO `le_transfer_log` VALUES (1,0,0,'admin|企航教育集团|1|185',1,'2017-03-01 10:05:02',5,''),(2,0,0,'admin|1231|5|214',2,'2017-03-01 11:42:37',5,''),(3,0,0,'admin|1231|5|214',3,'2017-03-01 11:44:39',5,''),(4,0,0,'salesman|华北分公司5|1|12',4,'2017-03-01 13:47:10',5,''),(5,0,0,'admin|企航教育集团|1|185',5,'2017-03-01 14:22:27',5,''),(6,0,11,'admin|企航教育集团|1|185',5,'2017-03-01 14:23:02',1,''),(7,0,0,'admin|企航教育集团|1|185',6,'2017-03-01 15:08:51',5,''),(8,0,0,'admin|企航教育集团|1|185',7,'2017-03-01 15:14:49',5,''),(9,0,2,'admin|企航教育集团|1|185',7,'2017-03-01 15:15:36',1,''),(10,0,2,'admin|企航教育集团|1|185',6,'2017-03-02 09:02:30',1,''),(11,0,0,'admin|企航教育集团|1|185',8,'2017-03-02 09:16:33',5,''),(12,0,0,'admin|企航教育集团|1|185',9,'2017-03-02 09:17:44',5,''),(13,0,0,'admin|企航教育集团|1|185',10,'2017-03-02 09:18:31',5,''),(14,0,0,'admin|企航教育集团|1|185',11,'2017-03-02 09:19:22',5,''),(15,0,0,'admin|企航教育集团|1|185',12,'2017-03-02 09:19:40',5,''),(16,0,19,'admin|企航教育集团|1|185',9,'2017-03-02 09:20:07',1,''),(17,19,0,'admin|企航教育集团|1|185',9,'2017-03-02 09:21:09',3,'呵呵'),(18,0,19,'admin|企航教育集团|1|185',9,'2017-03-02 09:21:46',1,''),(19,2,1,'admin|企航教育集团|1|185',6,'2017-03-02 09:24:24',4,''),(20,0,0,'admin|企航教育集团|1|185',13,'2017-03-02 09:24:32',5,''),(21,19,0,'admin|企航教育集团|1|185',9,'2017-03-02 09:24:55',3,'呵呵'),(22,0,17,'admin|企航教育集团|1|185',12,'2017-03-02 09:25:50',1,''),(23,0,19,'admin|企航教育集团|1|185',9,'2017-03-02 09:26:07',1,''),(24,17,0,'admin|企航教育集团|1|185',12,'2017-03-02 09:27:03',3,'呵呵吃'),(25,0,0,'admin|企航教育集团|1|185',14,'2017-03-02 09:30:32',5,''),(26,0,10,'admin|企航教育集团|1|185',14,'2017-03-02 09:31:08',1,''),(27,0,0,'admin|企航教育集团|1|185',15,'2017-03-02 09:31:56',5,''),(28,0,0,'admin|企航教育集团|1|185',16,'2017-03-02 09:44:03',5,''),(29,0,0,'admin|企航教育集团|1|185',17,'2017-03-02 09:49:10',5,''),(30,0,0,'admin|企航教育集团|1|185',18,'2017-03-02 09:49:10',5,''),(31,0,0,'admin|企航教育集团|1|185',19,'2017-03-02 09:49:10',5,''),(32,0,0,'admin|企航教育集团|1|185',20,'2017-03-02 09:52:25',5,''),(33,0,0,'admin|企航教育集团|1|185',21,'2017-03-02 09:53:34',5,''),(34,0,0,'user|wangmutian|8|55',22,'2017-03-02 09:55:31',5,''),(35,19,0,'admin|企航教育集团|1|185',16,'2017-03-02 09:58:42',3,'客户要求'),(36,0,0,'admin|二哈|1|252',23,'2017-03-02 10:02:52',5,''),(37,1,1,'admin|企航教育集团|1|185',6,'2017-03-02 10:11:07',1,''),(38,1,2,'admin|企航教育集团|1|185',6,'2017-03-02 10:11:44',1,''),(39,19,19,'admin|企航教育集团|1|185',19,'2017-03-02 10:12:24',2,''),(40,2,1,'admin|企航教育集团|1|185',6,'2017-03-02 10:12:29',3,'就玩玩'),(41,2,1,'admin|企航教育集团|1|185',7,'2017-03-02 10:12:29',3,'就玩玩'),(42,19,1,'admin|企航教育集团|1|185',9,'2017-03-02 10:12:30',3,'就玩玩'),(43,19,0,'admin|企航教育集团|1|185',19,'2017-03-02 10:13:07',3,'1'),(44,1,2,'admin|企航教育集团|1|185',6,'2017-03-02 10:14:01',2,''),(45,0,19,'admin|1231|5|214',8,'2017-03-02 10:15:21',1,''),(46,0,19,'admin|1231|5|214',11,'2017-03-02 10:15:21',1,''),(47,0,19,'admin|1231|5|214',16,'2017-03-02 10:15:21',1,''),(48,0,19,'admin|1231|5|214',19,'2017-03-02 10:15:21',1,''),(49,0,19,'admin|1231|5|214',21,'2017-03-02 10:15:21',1,''),(50,0,19,'admin|1231|5|214',22,'2017-03-02 10:15:21',1,''),(51,1,1,'admin|企航教育集团|1|185',7,'2017-03-02 10:16:10',1,''),(52,19,1,'admin|企航教育集团|1|185',8,'2017-03-02 10:16:10',1,''),(53,1,1,'admin|企航教育集团|1|185',9,'2017-03-02 10:16:10',1,''),(54,11,0,'admin|企航教育集团|1|185',5,'2017-03-02 10:16:41',3,'1'),(55,0,11,'admin|企航教育集团|1|185',5,'2017-03-02 10:17:34',1,''),(56,0,6,'admin|企航教育集团|1|185',15,'2017-03-02 10:18:48',1,''),(57,0,0,'admin|1231|5|214',24,'2017-03-02 10:20:14',5,''),(58,0,0,'admin|1231|5|214',25,'2017-03-02 10:20:14',5,''),(59,0,0,'admin|1231|5|214',26,'2017-03-02 10:20:14',5,''),(60,0,0,'admin|1231|5|214',27,'2017-03-02 10:20:14',5,''),(61,0,0,'admin|1231|5|214',28,'2017-03-02 10:20:14',5,''),(62,0,0,'admin|1231|5|214',29,'2017-03-02 10:20:14',5,''),(63,0,0,'admin|企航教育集团|1|185',30,'2017-03-02 10:23:56',5,''),(64,0,2,'admin|企航教育集团|1|185',30,'2017-03-02 10:28:53',1,''),(65,0,8,'admin|企航教育集团|1|185',10,'2017-03-02 10:34:24',1,''),(66,0,8,'admin|企航教育集团|1|185',20,'2017-03-02 10:34:24',1,''),(67,0,0,'admin|二哈|1|252',31,'2017-03-02 10:33:42',5,''),(68,0,0,'admin|二哈|1|252',32,'2017-03-02 10:37:10',5,''),(69,0,0,'admin|企航教育集团|1|185',33,'2017-03-02 10:39:39',5,''),(70,0,2,'admin|企航教育集团|1|185',33,'2017-03-02 10:40:07',2,''),(71,2,1,'admin|企航教育集团|1|185',6,'2017-03-02 10:41:36',4,''),(72,0,0,'admin|企航教育集团|1|185',34,'2017-03-02 10:41:47',5,''),(73,0,17,'admin|企航教育集团|1|185',34,'2017-03-02 10:43:27',1,''),(74,17,0,'admin|企航教育集团|1|185',34,'2017-03-02 10:45:40',3,'th5y5 '),(75,0,17,'admin|企航教育集团|1|185',34,'2017-03-02 10:46:04',1,''),(76,0,17,'admin|企航教育集团|1|185',12,'2017-03-02 10:52:53',1,''),(77,17,17,'admin|企航教育集团|1|185',12,'2017-03-02 10:52:55',1,''),(78,0,22,'admin|1231|5|214',24,'2017-03-02 10:52:57',2,''),(79,0,22,'admin|1231|5|214',25,'2017-03-02 10:52:57',2,''),(80,0,22,'admin|1231|5|214',26,'2017-03-02 10:52:57',2,''),(81,0,22,'admin|1231|5|214',27,'2017-03-02 10:52:57',2,''),(82,0,22,'admin|1231|5|214',28,'2017-03-02 10:52:57',2,''),(83,0,22,'admin|1231|5|214',29,'2017-03-02 10:52:57',2,''),(84,0,10,'admin|企航教育集团|1|185',13,'2017-03-02 10:53:12',1,''),(85,17,0,'admin|企航教育集团|1|185',12,'2017-03-02 10:53:41',3,'tgfrete'),(86,22,0,'admin|1231|5|214',24,'2017-03-02 10:53:46',3,'hfd'),(87,22,0,'admin|1231|5|214',25,'2017-03-02 10:53:46',3,'hfd'),(88,22,0,'admin|1231|5|214',26,'2017-03-02 10:53:46',3,'hfd'),(89,22,0,'admin|1231|5|214',27,'2017-03-02 10:53:46',3,'hfd'),(90,22,0,'admin|1231|5|214',28,'2017-03-02 10:53:46',3,'hfd'),(91,22,0,'admin|1231|5|214',29,'2017-03-02 10:53:46',3,'hfd'),(92,11,0,'admin|企航教育集团|1|185',5,'2017-03-02 10:56:10',3,'1'),(93,8,0,'admin|企航教育集团|1|185',10,'2017-03-02 10:56:10',3,'1'),(94,0,8,'admin|企航教育集团|1|185',10,'2017-03-02 10:56:42',1,''),(95,19,0,'admin|企航教育集团|1|185',21,'2017-03-02 10:58:46',3,'连续两次参加opp都没有成交客户'),(96,19,0,'admin|企航教育集团|1|185',16,'2017-03-02 10:58:46',3,'连续两次参加opp都没有成交客户'),(97,0,19,'admin|企航教育集团|1|185',21,'2017-03-02 10:59:37',4,''),(98,0,0,'admin|企航教育集团|1|185',16,'2017-03-02 11:02:08',3,'连续两次参加opp都没有成交客户'),(99,19,0,'admin|企航教育集团|1|185',11,'2017-03-02 11:02:09',3,'连续两次参加opp都没有成交客户'),(100,0,22,'admin|1231|5|214',24,'2017-03-02 11:02:17',2,''),(101,0,22,'admin|1231|5|214',25,'2017-03-02 11:02:17',2,''),(102,0,22,'admin|1231|5|214',26,'2017-03-02 11:02:17',2,''),(103,0,22,'admin|1231|5|214',27,'2017-03-02 11:02:17',2,''),(104,0,22,'admin|1231|5|214',28,'2017-03-02 11:02:17',2,''),(105,0,22,'admin|1231|5|214',29,'2017-03-02 11:02:17',2,''),(106,22,0,'admin|1231|5|214',24,'2017-03-02 11:02:32',3,'风格现代'),(107,22,0,'admin|1231|5|214',25,'2017-03-02 11:02:32',3,'风格现代'),(108,22,0,'admin|1231|5|214',26,'2017-03-02 11:02:32',3,'风格现代'),(109,22,0,'admin|1231|5|214',27,'2017-03-02 11:02:32',3,'风格现代'),(110,22,0,'admin|1231|5|214',28,'2017-03-02 11:02:33',3,'风格现代'),(111,22,0,'admin|1231|5|214',29,'2017-03-02 11:02:33',3,'风格现代'),(112,0,0,'admin|企航教育集团|1|185',35,'2017-03-02 11:03:56',5,''),(113,0,22,'admin|1231|5|214',24,'2017-03-02 11:04:15',1,''),(114,0,1,'admin|企航教育集团|1|185',11,'2017-03-02 11:35:56',2,''),(115,0,22,'admin|1231|5|214',25,'2017-03-02 11:36:49',2,''),(116,0,22,'admin|1231|5|214',26,'2017-03-02 11:36:49',2,''),(117,0,22,'admin|1231|5|214',27,'2017-03-02 11:36:49',2,''),(118,0,22,'admin|1231|5|214',28,'2017-03-02 11:36:49',2,''),(119,0,22,'admin|1231|5|214',29,'2017-03-02 11:36:49',2,''),(120,1,2,'admin|企航教育集团|1|185',11,'2017-03-02 11:39:04',4,''),(121,2,0,'admin|企航教育集团|1|185',11,'2017-03-02 11:40:38',3,'222'),(122,19,0,'admin|企航教育集团|1|185',21,'2017-03-02 11:47:17',3,'2'),(123,0,1,'admin|企航教育集团|1|185',21,'2017-03-02 11:47:45',1,''),(124,0,0,'admin|企航教育集团|1|185',36,'2017-03-02 13:37:28',5,''),(125,0,16,'user|助经理|8|39',5,'2017-03-02 13:37:50',1,''),(126,0,10,'admin|企航教育集团|1|185',36,'2017-03-02 13:37:54',3,'1'),(127,10,0,'admin|企航教育集团|1|185',36,'2017-03-02 13:40:17',3,'联系人不做了'),(128,0,10,'admin|企航教育集团|1|185',36,'2017-03-02 13:40:39',1,''),(129,0,0,'admin|1231|5|214',37,'2017-03-02 13:46:05',5,''),(130,0,0,'admin|二哈|1|252',38,'2017-03-02 13:45:44',5,''),(131,0,17,'admin|1231|5|214',37,'2017-03-02 13:46:47',2,''),(132,0,0,'admin|二哈|1|252',39,'2017-03-02 13:46:29',5,''),(133,0,0,'admin|二哈|1|252',40,'2017-03-02 13:47:00',5,''),(134,0,0,'admin|二哈|1|252',41,'2017-03-02 13:47:00',5,''),(135,0,0,'admin|二哈|1|252',42,'2017-03-02 13:47:30',5,''),(136,0,0,'admin|二哈|1|252',43,'2017-03-02 13:47:31',5,''),(137,0,0,'admin|企航教育集团|1|185',44,'2017-03-02 13:56:23',5,''),(138,0,0,'admin|企航教育集团|1|185',45,'2017-03-02 13:56:23',5,''),(139,0,0,'admin|企航教育集团|1|185',46,'2017-03-02 13:56:23',5,''),(140,0,0,'admin|企航教育集团|1|185',47,'2017-03-02 13:56:23',5,''),(141,0,0,'admin|企航教育集团|1|185',48,'2017-03-02 13:56:23',5,''),(142,0,0,'admin|企航教育集团|1|185',49,'2017-03-02 13:56:23',5,''),(143,0,0,'admin|企航教育集团|1|185',50,'2017-03-02 13:56:23',5,''),(144,0,0,'admin|企航教育集团|1|185',51,'2017-03-02 13:56:23',5,''),(145,0,0,'admin|企航教育集团|1|185',52,'2017-03-02 13:56:23',5,''),(146,0,0,'admin|企航教育集团|1|185',53,'2017-03-02 13:57:16',5,''),(147,0,0,'admin|二哈|1|252',54,'2017-03-02 13:56:47',5,''),(148,0,17,'admin|企航教育集团|1|185',53,'2017-03-02 13:58:03',2,''),(149,0,0,'admin|企航教育集团|1|185',55,'2017-03-02 13:58:39',5,''),(150,0,17,'admin|企航教育集团|1|185',55,'2017-03-02 13:59:42',1,''),(151,1,0,'salesman|12|5|19',6,'2017-03-02 14:07:30',3,'还能'),(152,1,0,'salesman|12|5|19',7,'2017-03-02 14:07:30',3,'还能'),(153,1,0,'salesman|12|5|19',8,'2017-03-02 14:07:30',3,'还能'),(154,1,0,'salesman|12|5|19',9,'2017-03-02 14:07:30',3,'还能'),(155,1,0,'salesman|12|5|19',21,'2017-03-02 14:07:30',3,'还能'),(156,0,19,'user|123|6|65',6,'2017-03-02 14:09:17',1,''),(157,0,19,'user|123|6|65',7,'2017-03-02 14:09:17',1,''),(158,0,19,'user|123|6|65',8,'2017-03-02 14:09:17',1,''),(159,0,19,'user|123|6|65',9,'2017-03-02 14:09:17',1,''),(160,0,19,'user|123|6|65',11,'2017-03-02 14:09:17',1,''),(161,0,19,'user|123|6|65',16,'2017-03-02 14:09:17',1,''),(162,0,19,'user|123|6|65',21,'2017-03-02 14:09:17',1,''),(163,0,19,'user|123|6|65',44,'2017-03-02 14:09:17',1,''),(164,0,19,'user|123|6|65',45,'2017-03-02 14:09:17',1,''),(165,0,19,'user|123|6|65',46,'2017-03-02 14:09:17',1,''),(166,0,2,'admin|企航教育集团|1|185',47,'2017-03-02 14:10:04',1,''),(167,0,2,'admin|企航教育集团|1|185',48,'2017-03-02 14:10:04',1,''),(168,0,2,'admin|企航教育集团|1|185',49,'2017-03-02 14:10:04',1,''),(169,0,2,'admin|企航教育集团|1|185',50,'2017-03-02 14:10:05',1,''),(170,0,2,'admin|企航教育集团|1|185',51,'2017-03-02 14:10:05',1,''),(171,0,2,'admin|企航教育集团|1|185',52,'2017-03-02 14:10:05',1,''),(172,19,1,'admin|企航教育集团|1|185',6,'2017-03-02 14:10:29',2,''),(173,19,1,'admin|企航教育集团|1|185',7,'2017-03-02 14:10:30',2,''),(174,19,1,'admin|企航教育集团|1|185',8,'2017-03-02 14:10:30',2,''),(175,19,1,'admin|企航教育集团|1|185',9,'2017-03-02 14:10:30',2,''),(176,19,1,'admin|企航教育集团|1|185',11,'2017-03-02 14:10:30',2,''),(177,19,1,'admin|企航教育集团|1|185',16,'2017-03-02 14:10:30',2,''),(178,19,1,'admin|企航教育集团|1|185',21,'2017-03-02 14:10:30',2,''),(179,2,1,'admin|企航教育集团|1|185',30,'2017-03-02 14:10:30',2,''),(180,2,1,'admin|企航教育集团|1|185',33,'2017-03-02 14:10:30',2,''),(181,1,2,'admin|企航教育集团|1|185',9,'2017-03-02 14:10:45',2,''),(182,1,2,'admin|企航教育集团|1|185',11,'2017-03-02 14:10:45',2,''),(183,1,2,'admin|企航教育集团|1|185',16,'2017-03-02 14:10:45',2,''),(184,1,2,'admin|企航教育集团|1|185',21,'2017-03-02 14:10:45',2,''),(185,1,2,'admin|企航教育集团|1|185',30,'2017-03-02 14:10:45',2,''),(186,1,2,'admin|企航教育集团|1|185',33,'2017-03-02 14:10:45',2,''),(187,16,0,'admin|企航教育集团|1|185',5,'2017-03-02 14:12:22',3,'220'),(188,0,17,'admin|企航教育集团|1|185',12,'2017-03-02 14:12:57',1,''),(189,0,17,'admin|企航教育集团|1|185',35,'2017-03-02 14:12:57',1,''),(190,17,17,'admin|企航教育集团|1|185',34,'2017-03-02 14:16:19',1,''),(191,6,3,'admin|企航教育集团|1|185',15,'2017-03-02 14:16:57',1,''),(192,17,0,'admin|企航教育集团|1|185',12,'2017-03-02 14:17:30',3,'第五大道'),(193,0,0,'admin|二哈|1|252',56,'2017-03-02 14:17:25',5,''),(194,0,0,'admin|二哈|1|252',57,'2017-03-02 14:18:43',5,''),(195,0,0,'admin|二哈|1|252',58,'2017-03-02 14:19:24',5,''),(196,1,0,'user|哈哈|8|12',6,'2017-03-02 14:20:51',3,'0'),(197,1,0,'user|哈哈|8|12',7,'2017-03-02 14:20:51',3,'0'),(198,1,0,'user|哈哈|8|12',8,'2017-03-02 14:20:52',3,'0'),(199,2,0,'user|哈哈|8|12',9,'2017-03-02 14:20:52',3,'0'),(200,2,0,'user|哈哈|8|12',11,'2017-03-02 14:20:52',3,'0'),(201,2,0,'user|哈哈|8|12',16,'2017-03-02 14:20:52',3,'0'),(202,2,0,'user|哈哈|8|12',21,'2017-03-02 14:20:52',3,'0'),(203,2,0,'user|哈哈|8|12',30,'2017-03-02 14:20:52',3,'0'),(204,2,0,'user|哈哈|8|12',33,'2017-03-02 14:20:52',3,'0'),(205,19,0,'user|哈哈|8|12',44,'2017-03-02 14:20:52',3,'0'),(206,0,4,'user|哈哈|8|12',6,'2017-03-02 14:21:11',1,''),(207,0,4,'user|哈哈|8|12',7,'2017-03-02 14:21:12',1,''),(208,0,4,'user|哈哈|8|12',8,'2017-03-02 14:21:12',1,''),(209,0,4,'user|哈哈|8|12',9,'2017-03-02 14:21:12',1,''),(210,0,13,'admin|企航教育集团|1|185',5,'2017-03-02 14:21:19',1,''),(211,0,4,'user|哈哈|8|12',11,'2017-03-02 14:21:26',1,''),(212,0,4,'user|哈哈|8|12',16,'2017-03-02 14:21:26',1,''),(213,0,4,'user|哈哈|8|12',21,'2017-03-02 14:21:26',1,''),(214,0,1,'user|哈哈|8|12',30,'2017-03-02 14:21:34',1,''),(215,0,1,'user|哈哈|8|12',33,'2017-03-02 14:21:34',1,''),(216,0,1,'user|哈哈|8|12',44,'2017-03-02 14:21:34',1,''),(217,0,17,'admin|企航教育集团|1|185',12,'2017-03-02 14:23:58',2,''),(218,13,0,'admin|企航教育集团|1|185',5,'2017-03-02 14:24:12',3,'0'),(219,0,16,'admin|企航教育集团|1|185',5,'2017-03-02 14:25:08',3,'没人要了，给你分配了'),(220,0,0,'admin|二哈|1|252',59,'2017-03-02 14:25:56',5,''),(221,0,0,'admin|企航教育集团|1|185',60,'2017-03-02 15:01:52',5,''),(222,0,2,'admin|企航教育集团|1|185',60,'2017-03-02 15:03:29',1,''),(223,1,0,'salesman|12|5|19',30,'2017-03-02 15:08:06',3,'xiang'),(224,0,0,'salesman|12|5|19',61,'2017-03-02 15:09:54',5,''),(225,19,0,'salesman|12|5|19',61,'2017-03-02 15:11:39',3,'dg '),(226,0,0,'salesman|12|5|19',62,'2017-03-02 15:12:04',5,''),(227,3,0,'admin|企航教育集团|1|185',15,'2017-03-02 15:14:28',3,'2'),(228,4,0,'admin|企航教育集团|1|185',16,'2017-03-02 15:14:28',3,'2'),(229,0,19,'admin|企航教育集团|1|185',16,'2017-03-02 15:14:55',2,''),(230,0,0,'admin|企航教育集团|1|185',63,'2017-03-02 15:15:32',5,''),(231,0,0,'admin|企航教育集团|1|185',64,'2017-03-02 15:16:29',5,''),(232,0,0,'salesman|12|5|19',65,'2017-03-02 15:20:42',5,''),(233,0,0,'admin|企航教育集团|1|185',66,'2017-03-02 15:21:15',5,''),(234,0,0,'salesman|12|5|19',67,'2017-03-02 15:22:19',5,''),(235,0,20,'admin|企航教育集团|1|185',66,'2017-03-02 15:22:28',1,''),(236,0,0,'salesman|12|5|19',68,'2017-03-02 15:23:08',5,''),(237,0,0,'admin|企航教育集团|1|185',69,'2017-03-02 15:56:02',5,''),(238,1,4,'admin|企航教育集团|1|185',44,'2017-03-06 09:52:38',4,''),(239,0,0,'admin|企航教育集团|1|185',69,'2017-03-06 09:54:16',3,'连续两次参加opp都没有成交客户'),(240,4,0,'admin|企航教育集团|1|185',6,'2017-03-06 09:55:25',3,'连续两次参加opp都没有成交客户'),(241,0,1,'admin|企航教育集团|1|185',6,'2017-03-06 11:10:21',4,''),(242,4,1,'admin|企航教育集团|1|185',44,'2017-03-06 11:11:52',4,''),(243,19,4,'admin|企航教育集团|1|185',45,'2017-03-06 11:12:17',4,''),(244,1,0,'admin|企航教育集团|1|185',6,'2017-03-06 11:18:49',3,'连续两次参加opp都没有成交客户'),(245,0,1,'admin|企航教育集团|1|185',6,'2017-03-06 11:26:03',4,''),(246,1,4,'admin|企航教育集团|1|185',6,'2017-03-06 11:26:28',4,''),(247,2,0,'admin|企航教育集团|1|185',51,'2017-03-06 17:19:51',3,'连续两次参加opp都没有成交客户'),(248,0,1,'admin|企航教育集团|1|185',51,'2017-03-06 17:20:16',4,''),(249,2,1,'user|李总监|6|67',52,'2017-03-07 08:38:10',4,''),(250,4,0,'user|李总监|6|67',6,'2017-03-07 09:11:34',3,'连续两次参加opp都没有成交客户'),(251,1,0,'user|李总监|6|67',52,'2017-03-07 09:12:51',3,'连续两次参加opp都没有成交客户'),(252,1,0,'user|李总监|6|67',51,'2017-03-07 09:13:14',3,'连续两次参加opp都没有成交客户'),(253,4,0,'admin|企航教育集团|1|185',45,'2017-03-07 09:37:24',3,'连续两次参加opp都没有成交客户'),(254,0,1,'admin|企航教育集团|1|185',45,'2017-03-07 09:37:41',4,''),(255,4,1,'user|李总监|6|67',7,'2017-03-07 13:40:51',4,''),(256,1,0,'user|李总监|6|67',45,'2017-03-07 15:13:27',3,'连续两次参加opp都没有成交客户'),(257,0,1,'user|李总监|6|67',45,'2017-03-07 15:13:47',4,''),(258,0,0,'user|李总监|6|67',70,'2017-03-07 15:28:22',5,''),(259,0,1,'user|李总监|6|67',70,'2017-03-07 15:28:44',1,''),(260,0,0,'user|李总监|6|67',71,'2017-03-07 17:18:26',5,''),(261,0,0,'admin|企航教育集团|1|185',72,'2017-03-09 08:56:26',5,''),(262,0,24,'admin|企航教育集团|1|185',72,'2017-03-09 08:57:45',2,''),(263,0,0,'admin|企航教育集团|1|185',73,'2017-03-09 09:10:56',5,''),(264,0,25,'admin|企航教育集团|1|185',73,'2017-03-09 09:12:24',4,''),(265,0,0,'admin|企航教育集团|1|185',74,'2017-03-09 09:50:11',5,''),(266,0,26,'admin|企航教育集团|1|185',74,'2017-03-09 09:50:38',4,''),(267,25,0,'admin|企航教育集团|1|185',73,'2017-03-09 10:38:08',3,'连续两次参加opp都没有成交客户'),(268,0,25,'admin|企航教育集团|1|185',73,'2017-03-09 10:38:51',4,''),(269,26,0,'admin|企航教育集团|1|185',74,'2017-03-09 10:40:23',3,'连续两次参加opp都没有成交客户'),(270,0,26,'admin|企航教育集团|1|185',74,'2017-03-09 10:40:44',4,''),(271,0,0,'admin|企航教育集团|1|185',75,'2017-03-15 10:42:00',5,''),(272,0,0,'admin|企航教育集团|1|185',76,'2017-03-15 10:59:22',5,''),(273,0,0,'admin|企航教育集团|1|185',77,'2017-03-15 11:06:23',5,''),(274,0,0,'admin|企航教育集团|1|185',78,'2017-03-15 11:31:26',5,''),(275,0,0,'admin|企航教育集团|1|185',79,'2017-03-15 11:31:35',5,''),(276,0,0,'admin|企航教育集团|1|185',80,'2017-03-15 11:35:15',5,''),(277,0,0,'admin|企航教育集团|1|185',81,'2017-03-15 11:35:25',5,''),(278,0,0,'admin|企航教育集团|1|185',82,'2017-03-15 11:43:26',5,''),(279,0,0,'admin|企航教育集团|1|185',83,'2017-03-15 11:43:48',5,''),(280,0,0,'admin|企航教育集团|1|185',84,'2017-03-15 11:43:57',5,''),(281,0,0,'admin|企航教育集团|1|185',85,'2017-03-15 11:44:14',5,''),(282,0,0,'admin|企航教育集团|1|185',86,'2017-03-15 11:44:49',5,''),(283,0,0,'admin|企航教育集团|1|185',87,'2017-03-15 11:45:19',5,''),(284,0,0,'admin|企航教育集团|1|185',88,'2017-03-15 11:45:46',5,''),(285,0,0,'admin|企航教育集团|1|185',89,'2017-03-15 11:47:24',5,''),(286,0,0,'admin|企航教育集团|1|185',90,'2017-03-15 11:47:48',5,''),(287,0,0,'admin|企航教育集团|1|185',91,'2017-03-15 11:47:56',5,''),(288,0,0,'admin|企航教育集团|1|185',92,'2017-03-15 11:48:48',5,''),(289,0,0,'admin|企航教育集团|1|185',93,'2017-03-15 11:51:02',5,''),(290,0,0,'admin|企航教育集团|1|185',94,'2017-03-15 13:06:52',5,''),(291,0,0,'admin|企航教育集团|1|185',95,'2017-03-15 13:07:05',5,''),(292,0,0,'admin|企航教育集团|1|185',96,'2017-03-15 13:09:05',5,''),(293,0,0,'admin|企航教育集团|1|185',97,'2017-03-15 13:12:36',5,''),(294,0,0,'admin|企航教育集团|1|185',98,'2017-03-15 13:16:29',5,''),(295,0,0,'admin|企航教育集团|1|185',99,'2017-03-15 13:19:01',5,''),(296,0,0,'admin|企航教育集团|1|185',100,'2017-03-15 13:23:34',5,''),(297,0,0,'admin|企航教育集团|1|185',101,'2017-03-15 13:26:58',5,''),(298,0,0,'admin|企航教育集团|1|185',102,'2017-03-15 13:29:51',5,''),(299,0,0,'admin|企航教育集团|1|185',103,'2017-03-15 13:32:48',5,''),(300,0,0,'admin|企航教育集团|1|185',104,'2017-03-15 13:33:05',5,''),(301,0,0,'admin|企航教育集团|1|185',105,'2017-03-15 13:33:53',5,''),(302,0,0,'admin|企航教育集团|1|185',106,'2017-03-15 13:34:01',5,''),(303,0,0,'admin|企航教育集团|1|185',107,'2017-03-15 13:35:38',5,''),(304,0,0,'admin|企航教育集团|1|185',108,'2017-03-15 13:39:28',5,''),(305,0,0,'admin|企航教育集团|1|185',109,'2017-03-15 13:39:37',5,''),(306,0,0,'admin|企航教育集团|1|185',110,'2017-03-15 13:44:55',5,''),(307,0,0,'admin|企航教育集团|1|185',111,'2017-03-15 13:45:15',5,''),(308,0,0,'admin|企航教育集团|1|185',112,'2017-03-15 13:48:24',5,''),(309,0,0,'admin|企航教育集团|1|185',113,'2017-03-15 13:54:45',5,''),(310,0,0,'admin|企航教育集团|1|185',114,'2017-03-15 13:56:34',5,''),(311,0,0,'admin|企航教育集团|1|185',115,'2017-03-15 13:58:05',5,''),(312,0,0,'admin|企航教育集团|1|185',116,'2017-03-15 14:00:27',5,''),(313,0,0,'admin|企航教育集团|1|185',117,'2017-03-15 14:06:06',5,''),(314,0,1,'admin|企航教育集团|1|185',117,'2017-03-15 14:13:32',1,''),(315,0,0,'admin|企航教育集团|1|185',118,'2017-03-15 14:25:11',5,''),(316,0,0,'admin|企航教育集团|1|185',119,'2017-03-15 14:27:18',5,''),(317,0,0,'admin|企航教育集团|1|185',120,'2017-03-15 16:10:44',5,''),(318,0,0,'user|李总监|6|67',121,'2017-03-16 09:02:39',5,''),(319,0,0,'user|李总监|6|67',122,'2017-03-16 09:03:56',5,''),(320,0,0,'user|李总监|6|67',123,'2017-03-16 13:45:14',5,''),(321,0,0,'user|李总监|6|67',124,'2017-03-16 13:49:58',5,''),(322,0,0,'user|李总监|6|67',125,'2017-03-16 15:31:10',5,''),(323,0,0,'admin|企航教育集团|1|185',126,'2017-03-16 15:42:46',5,''),(324,0,0,'admin|企航教育集团|1|185',127,'2017-03-17 10:59:26',5,''),(325,0,0,'admin|企航教育集团|1|185',128,'2017-03-17 14:47:09',5,''),(326,0,19,'admin|企航教育集团|1|185',128,'2017-03-17 14:48:48',4,''),(327,19,0,'admin|企航教育集团|1|185',128,'2017-03-17 14:52:05',3,'连续两次参加opp都没有成交客户'),(328,0,0,'user|李总监|6|67',6,'2017-03-18 11:04:29',3,'连续两次参加opp都没有成交客户');
/*!40000 ALTER TABLE `le_transfer_log` ENABLE KEYS */;
UNLOCK TABLES;

--
-- Table structure for table `le_user`
--

DROP TABLE IF EXISTS `le_user`;
/*!40101 SET @saved_cs_client     = @@character_set_client */;
/*!40101 SET character_set_client = utf8 */;
CREATE TABLE `le_user` (
  `id` int(11) NOT NULL AUTO_INCREMENT COMMENT '用户id',
  `uid` int(11) NOT NULL DEFAULT '0' COMMENT '分公司id',
  `name` varchar(40) DEFAULT NULL COMMENT '财务.讲师姓名',
  `account` varchar(255) NOT NULL COMMENT '讲师财务登录账号',
  `pwd` varchar(255) DEFAULT NULL,
  `type` tinyint(2) NOT NULL DEFAULT '1' COMMENT '1：讲师账号2：财务账号',
  `mobile` varchar(50) NOT NULL COMMENT '联系电话',
  `times` date DEFAULT NULL,
  `prid` int(11) NOT NULL DEFAULT '0' COMMENT '所属上级admin表里的大区总裁id',
  `lectype` int(255) NOT NULL DEFAULT '0' COMMENT '讲师',
  `finatype` int(255) NOT NULL COMMENT '财务',
  `role` varchar(255) DEFAULT NULL COMMENT '角色8代表总经理7代表副总经理 6业务总监 5 副业务总监 4业务经理 3 业务副经理',
  PRIMARY KEY (`id`)
) ENGINE=InnoDB AUTO_INCREMENT=73 DEFAULT CHARSET=utf8;
/*!40101 SET character_set_client = @saved_cs_client */;

--
-- Dumping data for table `le_user`
--

LOCK TABLES `le_user` WRITE;
/*!40000 ALTER TABLE `le_user` DISABLE KEYS */;
INSERT INTO `le_user` VALUES (11,15,'南难','jinan','e10adc3949ba59abbe56e057f20f883e',1,'18345678901','2017-03-01',0,1,0,'8'),(12,17,'哈哈','jiangbeihaha','e10adc3949ba59abbe56e057f20f883e',1,'18736101047','2017-03-01',0,1,0,'8'),(13,17,'公司','fengongsi','e10adc3949ba59abbe56e057f20f883e',1,'18436101047','2017-03-01',0,0,0,'7'),(15,17,'江南','FENGHUANG','e10adc3949ba59abbe56e057f20f883e',1,'18345503698','2017-03-01',0,1,1,'6'),(16,19,'yewuzongjian','abcdqw','e10adc3949ba59abbe56e057f20f883e',1,'15049999666','2017-03-01',0,1,0,'7'),(17,17,'江南1','LONG','e10adc3949ba59abbe56e057f20f883e',1,'18645678900','2017-03-01',0,0,0,'5'),(18,19,'yewufuzongjian','aaaaa','e10adc3949ba59abbe56e057f20f883e',1,'15066669999','2017-03-01',0,1,1,'6'),(19,17,'核心','7521','e10adc3949ba59abbe56e057f20f883e',1,'13836101041','2017-03-01',0,0,1,'6'),(20,19,'yewu','bbbbb','e10adc3949ba59abbe56e057f20f883e',1,'13604555000','2017-03-01',0,1,1,'5'),(21,17,'麻烦','2364','e10adc3949ba59abbe56e057f20f883e',1,'13636101047','2017-03-01',0,1,1,'5'),(22,23,'小王','zongjingli','e10adc3949ba59abbe56e057f20f883e',1,'13655559999','2017-03-01',0,1,0,'8'),(23,23,'小李','fuzongjingli','e10adc3949ba59abbe56e057f20f883e',1,'13655559996','2017-03-01',0,0,0,'7'),(24,23,'xiao','zongjian','e10adc3949ba59abbe56e057f20f883e',1,'17066699995','2017-03-01',0,0,0,'6'),(25,23,'xiao','fuzong','e10adc3949ba59abbe56e057f20f883e',1,'13522269875','2017-03-01',0,1,1,'5'),(26,24,'jjk','111','c4ca4238a0b923820dcc509a6f75849b',1,'18568548455','2017-03-01',0,0,0,'8'),(27,27,'价值','789654','e10adc3949ba59abbe56e057f20f883e',1,'18945636987','2017-03-01',0,1,0,'8'),(28,27,'爱岗','yewu001','e10adc3949ba59abbe56e057f20f883e',1,'18365412233','2017-03-01',0,1,1,'6'),(29,28,'下属公司','9999','e10adc3949ba59abbe56e057f20f883e',1,'13675418972','2017-03-01',0,1,0,'8'),(30,28,'小会计','quyu','e10adc3949ba59abbe56e057f20f883e',1,'15776452841','2017-03-01',0,0,0,'7'),(31,28,'李阳','liyang','e10adc3949ba59abbe56e057f20f883e',1,'13652585658','2017-03-01',0,1,1,'5'),(32,29,'李经理','lijingli','f63f4fbc9f8c85d409f2f59f2b9e12d5',1,'13652545251','2017-03-01',229,1,0,'8'),(34,31,'测试总经理','ceshizjl','e10adc3949ba59abbe56e057f20f883e',1,'18451524581','2017-03-01',0,0,0,'8'),(35,32,'测试财务总监','ceshicwzj','e10adc3949ba59abbe56e057f20f883e',1,'18458568548','2017-03-01',0,0,0,'6'),(36,32,'总经理','zongjingli12','e10adc3949ba59abbe56e057f20f883e',1,'13677777888','2017-03-01',0,1,0,'8'),(37,32,'副总经理','fuzongjingli12','e10adc3949ba59abbe56e057f20f883e',1,'13688889999','2017-03-01',0,1,0,'7'),(39,33,'助经理','zhuqi001','e10adc3949ba59abbe56e057f20f883e',1,'18345033210','2017-03-01',0,1,0,'8'),(40,32,'业务总监','yewuzongjian','e10adc3949ba59abbe56e057f20f883e',1,'13655558888','2017-03-01',0,1,1,'6'),(41,33,'助副经理','zhuqi002','e10adc3949ba59abbe56e057f20f883e',1,'18314111111','2017-03-01',0,1,0,'7'),(42,32,'业务副总监','yewufuzongjian','e10adc3949ba59abbe56e057f20f883e',1,'13678889999','2017-03-01',0,1,1,'5'),(44,33,'业务总监','yewuzong','e10adc3949ba59abbe56e057f20f883e',1,'18345095438','2017-03-01',0,1,1,'6'),(46,33,'业务副总','yewufu','e10adc3949ba59abbe56e057f20f883e',1,'18222222222','2017-03-01',0,1,1,'5'),(50,35,'孙丽婷','sunliting....','e10adc3949ba59abbe56e057f20f883e',1,'13011112222','2017-03-01',0,1,0,'8'),(51,35,'孙丽婷','sunliting.....','e10adc3949ba59abbe56e057f20f883e',1,'13044445555','2017-03-01',0,0,0,'7'),(52,35,'孙丽婷','sunliting......','e10adc3949ba59abbe56e057f20f883e',1,'13266665555','2017-03-01',0,0,0,'6'),(53,35,'孙丽婷','sunliting.......','e10adc3949ba59abbe56e057f20f883e',1,'13011112258','2017-03-01',0,1,0,'5'),(55,17,'wangmutian','wangmutian','22ee3a0a4dfb354208b13f37c2c9ac6d',1,'18745016473','2017-03-01',0,0,0,'8'),(56,25,'大','das','c20ad4d76fe97759aa27a0c99bff6710',1,'13339417275','2017-03-02',0,0,0,'8'),(57,25,'打算','156','202cb962ac59075b964b07152d234b70',1,'13136757275','2017-03-02',0,0,0,'7'),(58,58,'大打算','dasa','202cb962ac59075b964b07152d234b70',1,'15636359586','2017-03-02',0,1,1,'6'),(59,58,'大大','dsafgds','202cb962ac59075b964b07152d234b70',1,'13888888888','2017-03-02',0,1,0,'5'),(60,58,'wangmutian1','wangmutian1','22ee3a0a4dfb354208b13f37c2c9ac6d',1,'18745016472','2017-03-02',0,1,1,'6'),(61,25,'空间和覅偶阿什利','jkhkfjlh','202cb962ac59075b964b07152d234b70',1,'15888855555','2017-03-02',0,0,0,'8'),(62,25,'就废掉撒娇','kfjlksg','202cb962ac59075b964b07152d234b70',1,'13855555555','2017-03-02',0,1,0,'7'),(63,25,'口水东方雨虹','mkhtj','202cb962ac59075b964b07152d234b70',1,'14562888887','2017-03-02',0,0,0,'6'),(64,17,'闫鑫','haerbin','e10adc3949ba59abbe56e057f20f883e',1,'18345099110','2017-03-02',0,1,0,'8'),(65,17,'123','45','e10adc3949ba59abbe56e057f20f883e',1,'15367784754','2017-03-02',0,1,1,'6'),(66,17,'12312','12312','e10adc3949ba59abbe56e057f20f883e',1,'15776664859','2017-03-02',0,0,0,'8'),(67,17,'李总监','lcaiwu','e10adc3949ba59abbe56e057f20f883e',1,'13625852545','2017-03-07',0,1,1,'6'),(68,59,'手机总经理','shoujizongjingli','e10adc3949ba59abbe56e057f20f883e',1,'18545658258','2017-03-09',0,1,0,'8'),(69,60,'手机2','shouji2zongjingli','e10adc3949ba59abbe56e057f20f883e',1,'15856965656','2017-03-09',0,1,0,'8'),(70,59,'caiwuwang','caiwuwang','e10adc3949ba59abbe56e057f20f883e',1,'18745016470','2017-03-09',0,0,1,'6'),(71,61,'wang','wang','202cb962ac59075b964b07152d234b70',1,'18546585254','2017-03-09',0,0,1,'6'),(72,17,'erha','erha1','e10adc3949ba59abbe56e057f20f883e',1,'15745612345','2017-03-09',0,1,1,'6');
/*!40000 ALTER TABLE `le_user` ENABLE KEYS */;
UNLOCK TABLES;

--
-- Temporary table structure for view `le_vename`
--

DROP TABLE IF EXISTS `le_vename`;
/*!50001 DROP VIEW IF EXISTS `le_vename`*/;
SET @saved_cs_client     = @@character_set_client;
SET character_set_client = utf8;
/*!50001 CREATE TABLE `le_vename` (
  `id` tinyint NOT NULL,
  `uid` tinyint NOT NULL,
  `name` tinyint NOT NULL,
  `account` tinyint NOT NULL,
  `pwd` tinyint NOT NULL,
  `type` tinyint NOT NULL,
  `mobile` tinyint NOT NULL,
  `times` tinyint NOT NULL,
  `prid` tinyint NOT NULL,
  `lectype` tinyint NOT NULL,
  `finatype` tinyint NOT NULL,
  `role` tinyint NOT NULL
) ENGINE=MyISAM */;
SET character_set_client = @saved_cs_client;

--
-- Final view structure for view `le_vename`
--

/*!50001 DROP TABLE IF EXISTS `le_vename`*/;
/*!50001 DROP VIEW IF EXISTS `le_vename`*/;
/*!50001 SET @saved_cs_client          = @@character_set_client */;
/*!50001 SET @saved_cs_results         = @@character_set_results */;
/*!50001 SET @saved_col_connection     = @@collation_connection */;
/*!50001 SET character_set_client      = utf8 */;
/*!50001 SET character_set_results     = utf8 */;
/*!50001 SET collation_connection      = utf8_general_ci */;
/*!50001 CREATE ALGORITHM=UNDEFINED */
/*!50013 DEFINER=`root`@`%` SQL SECURITY DEFINER */
/*!50001 VIEW `le_vename` AS select `le_user`.`id` AS `id`,`le_user`.`uid` AS `uid`,`le_user`.`name` AS `name`,`le_user`.`account` AS `account`,`le_user`.`pwd` AS `pwd`,`le_user`.`type` AS `type`,`le_user`.`mobile` AS `mobile`,`le_user`.`times` AS `times`,`le_user`.`prid` AS `prid`,`le_user`.`lectype` AS `lectype`,`le_user`.`finatype` AS `finatype`,`le_user`.`role` AS `role` from `le_user` where (`le_user`.`uid` = 17) */;
/*!50001 SET character_set_client      = @saved_cs_client */;
/*!50001 SET character_set_results     = @saved_cs_results */;
/*!50001 SET collation_connection      = @saved_col_connection */;
/*!40103 SET TIME_ZONE=@OLD_TIME_ZONE */;

/*!40101 SET SQL_MODE=@OLD_SQL_MODE */;
/*!40014 SET FOREIGN_KEY_CHECKS=@OLD_FOREIGN_KEY_CHECKS */;
/*!40014 SET UNIQUE_CHECKS=@OLD_UNIQUE_CHECKS */;
/*!40101 SET CHARACTER_SET_CLIENT=@OLD_CHARACTER_SET_CLIENT */;
/*!40101 SET CHARACTER_SET_RESULTS=@OLD_CHARACTER_SET_RESULTS */;
/*!40101 SET COLLATION_CONNECTION=@OLD_COLLATION_CONNECTION */;
/*!40111 SET SQL_NOTES=@OLD_SQL_NOTES */;

-- Dump completed on 2017-03-18 16:22:03
